subject,component,sov,cond,amplitude,is_peak
01,N100,wm,Bl0T1,-0.787481839624592,1
01,P2,wm,Bl0T1,0.771862348831044,1
01,N350,wm,Bl0T1,-0.742165873662855,1
01,N100,wm,Bl0T2,-0.907673254799492,1
01,P2,wm,Bl0T2,0.0459791803197004,1
01,N350,wm,Bl0T2,-0.565929447588675,1
01,N100,wm,Bl0T3,-0.956131860107937,1
01,P2,wm,Bl0T3,0.0921593557024947,1
01,N350,wm,Bl0T3,-0.77126616035454,1
01,N100,wm,Bl0T4,-0.886439073740803,1
01,P2,wm,Bl0T4,0.0885621908837493,1
01,N350,wm,Bl0T4,-0.450326532628969,1
01,N100,wn,Bl0T1,-1.15363513408211,1
01,P2,wn,Bl0T1,0.442573031440579,1
01,N350,wn,Bl0T1,-1.93204016042297,1
01,N100,wn,Bl0T2,-1.44056132864591,1
01,P2,wn,Bl0T2,0.0625153344291832,1
01,N350,wn,Bl0T2,-0.876898539302762,1
01,N100,wn,Bl0T3,-2.42030281233533,1
01,P2,wn,Bl0T3,0.148942956028665,1
01,N350,wn,Bl0T3,-1.51669922133862,1
01,N100,wn,Bl0T4,-1.80738242498019,1
01,P2,wn,Bl0T4,0.340257236024968,1
01,N350,wn,Bl0T4,-0.563710031563929,1
02,N100,wm,Bl0T1,-0.950383605502993,1
02,P2,wm,Bl0T1,-0.605940994912715,1
02,N350,wm,Bl0T1,-1.88043429765475,1
02,N100,wm,Bl0T2,-0.429783975543882,1
02,P2,wm,Bl0T2,0.0700009493874784,1
02,N350,wm,Bl0T2,-0.353996938288281,1
02,N100,wm,Bl0T3,-0.727063932510014,1
02,P2,wm,Bl0T3,0.310997842165954,1
02,N350,wm,Bl0T3,-0.620957297530442,1
02,N100,wm,Bl0T4,-0.325938969188445,1
02,P2,wm,Bl0T4,0.040441500010156,1
02,N350,wm,Bl0T4,-0.397660391926551,1
02,N100,wn,Bl0T1,-2.28765124322168,1
02,P2,wn,Bl0T1,-1.6213271171849,1
02,N350,wn,Bl0T1,-3.67151051261445,1
02,N100,wn,Bl0T2,-1.42461273492689,1
02,P2,wn,Bl0T2,-1.20273091066107,1
02,N350,wn,Bl0T2,-1.38386191770386,1
02,N100,wn,Bl0T3,-1.99578133223998,1
02,P2,wn,Bl0T3,-0.939672343973826,1
02,N350,wn,Bl0T3,-2.33921980721278,1
02,N100,wn,Bl0T4,-0.843462355808819,1
02,P2,wn,Bl0T4,-0.518276341096236,1
02,N350,wn,Bl0T4,-0.678977995565726,1
03,N100,wm,Bl0T1,-2.20818359240804,1
03,P2,wm,Bl0T1,0.996703439541895,1
03,N350,wm,Bl0T1,-1.59526677565378,1
03,N100,wm,Bl0T2,-2.53995290570751,1
03,P2,wm,Bl0T2,-0.707335072462659,1
03,N350,wm,Bl0T2,-0.766870115741392,1
03,N100,wm,Bl0T3,-1.8660267906521,1
03,P2,wm,Bl0T3,0.141114739667638,1
03,N350,wm,Bl0T3,-0.681398939695155,1
03,N100,wm,Bl0T4,-2.41598052460538,1
03,P2,wm,Bl0T4,-0.408461067949732,1
03,N350,wm,Bl0T4,-0.646827322157685,1
03,N100,wn,Bl0T1,-2.89388706402211,1
03,P2,wn,Bl0T1,1.07761406469014,1
03,N350,wn,Bl0T1,-1.69992162446477,1
03,N100,wn,Bl0T2,-2.7745086837701,1
03,P2,wn,Bl0T2,-0.0364092807375886,1
03,N350,wn,Bl0T2,-0.445396429291048,1
03,N100,wn,Bl0T3,-2.97222440259467,1
03,P2,wn,Bl0T3,-0.727546339742592,1
03,N350,wn,Bl0T3,-1.25817798988569,1
03,N100,wn,Bl0T4,-2.93196097168486,1
03,P2,wn,Bl0T4,-0.190327935228406,1
03,N350,wn,Bl0T4,-0.573037383015352,1
04,N100,wm,Bl0T1,-0.726921257747734,1
04,P2,wm,Bl0T1,0.768264898897156,1
04,N350,wm,Bl0T1,-2.44514586514825,1
04,N100,wm,Bl0T2,-0.691415693993351,1
04,P2,wm,Bl0T2,0.038636579621006,1
04,N350,wm,Bl0T2,-0.793469876782197,1
04,N100,wm,Bl0T3,-1.14516807655578,1
04,P2,wm,Bl0T3,-0.395914129854293,1
04,N350,wm,Bl0T3,-1.44594256699607,1
04,N100,wm,Bl0T4,-0.63248790903158,1
04,P2,wm,Bl0T4,0.627531442358017,1
04,N350,wm,Bl0T4,-0.392569211591035,1
04,N100,wn,Bl0T1,-3.00723903331443,1
04,P2,wn,Bl0T1,0.53713678239746,1
04,N350,wn,Bl0T1,-4.57205361583284,1
04,N100,wn,Bl0T2,-1.57877374145248,1
04,P2,wn,Bl0T2,-0.32788318447759,1
04,N350,wn,Bl0T2,-0.729034911482736,1
04,N100,wn,Bl0T3,-1.42169955861543,1
04,P2,wn,Bl0T3,-0.10645310022713,1
04,N350,wn,Bl0T3,-1.37324982463209,1
04,N100,wn,Bl0T4,-1.17223188357541,1
04,P2,wn,Bl0T4,0.0856481960854691,1
04,N350,wn,Bl0T4,-0.470841006908537,1
08,N100,wm,Bl0T1,-0.956428691417979,1
08,P2,wm,Bl0T1,3.32641764015791,1
08,N350,wm,Bl0T1,-0.785385802412337,1
08,N100,wm,Bl0T2,-0.586637143287808,1
08,P2,wm,Bl0T2,0.221588439224288,1
08,N350,wm,Bl0T2,-1.46372793339691,1
08,N100,wm,Bl0T3,-0.9765210897776,1
08,P2,wm,Bl0T3,1.17226045574838,1
08,N350,wm,Bl0T3,-0.463399754002414,1
08,N100,wm,Bl0T4,-1.03460634731929,1
08,P2,wm,Bl0T4,0.465256496146645,1
08,N350,wm,Bl0T4,-0.964609135933548,1
08,N100,wn,Bl0T1,-0.687636958937165,1
08,P2,wn,Bl0T1,2.52933174068867,1
08,N350,wn,Bl0T1,-1.83068777794639,1
08,N100,wn,Bl0T2,-0.635382510344173,1
08,P2,wn,Bl0T2,1.44311035121225,1
08,N350,wn,Bl0T2,-1.32612767300114,1
08,N100,wn,Bl0T3,-1.19246260336954,1
08,P2,wn,Bl0T3,1.43870386621673,1
08,N350,wn,Bl0T3,-0.978079658612195,1
08,N100,wn,Bl0T4,-0.716209011311794,1
08,P2,wn,Bl0T4,1.09907062358364,1
08,N350,wn,Bl0T4,-0.837606131335677,1
09,N100,wm,Bl0T1,-4.31634569811738,1
09,P2,wm,Bl0T1,0.359829506220693,1
09,N350,wm,Bl0T1,-3.51581879359394,1
09,N100,wm,Bl0T2,-1.86203267489708,1
09,P2,wm,Bl0T2,-0.6326438772466,1
09,N350,wm,Bl0T2,-0.855338684130007,1
09,N100,wm,Bl0T3,-2.4531551925158,1
09,P2,wm,Bl0T3,-1.59786709683403,1
09,N350,wm,Bl0T3,-1.63436114724444,1
09,N100,wm,Bl0T4,-2.40404414042779,1
09,P2,wm,Bl0T4,1.29418488363347,0
09,N350,wm,Bl0T4,-2.18644193150362,1
09,N100,wn,Bl0T1,-5.00365959941668,1
09,P2,wn,Bl0T1,0.00163197621899331,1
09,N350,wn,Bl0T1,-4.49968524386428,1
09,N100,wn,Bl0T2,-3.54866747602096,1
09,P2,wn,Bl0T2,-0.154775960896815,0
09,N350,wn,Bl0T2,-1.75618069341441,1
09,N100,wn,Bl0T3,-2.43650837661569,1
09,P2,wn,Bl0T3,1.13216494228474,0
09,N350,wn,Bl0T3,-0.301687559842208,1
09,N100,wn,Bl0T4,-3.11693382238224,1
09,P2,wn,Bl0T4,-3.26097474054636,1
09,N350,wn,Bl0T4,-2.6031684800312,1
10,N100,wm,Bl0T1,-3.782390161814,1
10,P2,wm,Bl0T1,2.08315375083431,1
10,N350,wm,Bl0T1,-2.93790220019473,1
10,N100,wm,Bl0T2,-2.18559564200382,1
10,P2,wm,Bl0T2,0.528533280658168,1
10,N350,wm,Bl0T2,-0.467991474499103,1
10,N100,wm,Bl0T3,-2.63963033263963,1
10,P2,wm,Bl0T3,-1.49778066698427,1
10,N350,wm,Bl0T3,-1.46998154632725,1
10,N100,wm,Bl0T4,-2.86739084194912,1
10,P2,wm,Bl0T4,-1.12738951160984,1
10,N350,wm,Bl0T4,-1.94722364780255,1
10,N100,wn,Bl0T1,-5.11346044151319,1
10,P2,wn,Bl0T1,2.23662368343902,1
10,N350,wn,Bl0T1,-4.24259861717119,1
10,N100,wn,Bl0T2,-3.43308693322491,1
10,P2,wn,Bl0T2,-0.938552609493059,1
10,N350,wn,Bl0T2,-1.66013020656279,1
10,N100,wn,Bl0T3,-4.1253380302135,1
10,P2,wn,Bl0T3,-1.8712797254574,1
10,N350,wn,Bl0T3,-2.69128812170777,1
10,N100,wn,Bl0T4,-2.96748478661714,1
10,P2,wn,Bl0T4,-1.78193859197415,1
10,N350,wn,Bl0T4,-2.29716594459799,1
11,N100,wm,Bl0T1,-2.37026342096209,1
11,P2,wm,Bl0T1,0.444015945876748,1
11,N350,wm,Bl0T1,-1.30319676715607,1
11,N100,wm,Bl0T2,-2.45889156964128,1
11,P2,wm,Bl0T2,-0.258845060506329,1
11,N350,wm,Bl0T2,-2.16687560509348,1
11,N100,wm,Bl0T3,-2.11108269445174,1
11,P2,wm,Bl0T3,-0.65558941567811,1
11,N350,wm,Bl0T3,-1.9679980263573,1
11,N100,wm,Bl0T4,-2.48973328146682,1
11,P2,wm,Bl0T4,0.872549890456539,1
11,N350,wm,Bl0T4,-0.989831281079016,1
11,N100,wn,Bl0T1,-3.49825291749999,1
11,P2,wn,Bl0T1,1.05653009730881,1
11,N350,wn,Bl0T1,-3.9009905336769,1
11,N100,wn,Bl0T2,-1.87136197363218,1
11,P2,wn,Bl0T2,1.44003019616293,1
11,N350,wn,Bl0T2,-0.371803848285888,1
11,N100,wn,Bl0T3,-3.01105490914537,1
11,P2,wn,Bl0T3,0.230849050061894,1
11,N350,wn,Bl0T3,-3.15358486005694,1
11,N100,wn,Bl0T4,-1.53921708152922,1
11,P2,wn,Bl0T4,1.34895581852626,1
11,N350,wn,Bl0T4,-2.18135815369782,1
13,N100,wm,Bl0T1,-2.36828483256516,1
13,P2,wm,Bl0T1,0.886616852972656,1
13,N350,wm,Bl0T1,-1.84577375992535,1
13,N100,wm,Bl0T2,-1.70205566909059,1
13,P2,wm,Bl0T2,1.10250896726311,1
13,N350,wm,Bl0T2,-0.895341088549352,1
13,N100,wm,Bl0T3,-3.60579127330403,1
13,P2,wm,Bl0T3,-0.0106549986033204,1
13,N350,wm,Bl0T3,-1.80960390015253,1
13,N100,wm,Bl0T4,-1.96708835978148,1
13,P2,wm,Bl0T4,1.04215917525717,1
13,N350,wm,Bl0T4,-0.243816252271404,1
13,N100,wn,Bl0T1,-2.3204892512792,1
13,P2,wn,Bl0T1,2.99471371656041,1
13,N350,wn,Bl0T1,-2.9481779302207,1
13,N100,wn,Bl0T2,-2.72805095020295,1
13,P2,wn,Bl0T2,0.414149841844579,1
13,N350,wn,Bl0T2,-2.63459288543969,1
13,N100,wn,Bl0T3,-2.90866163355329,1
13,P2,wn,Bl0T3,1.63269538720326,1
13,N350,wn,Bl0T3,-3.10261570888816,1
13,N100,wn,Bl0T4,-2.93679911502673,1
13,P2,wn,Bl0T4,2.54882292993671,1
13,N350,wn,Bl0T4,-1.88505098444696,1
14,N100,wm,Bl0T1,-1.73076904772703,1
14,P2,wm,Bl0T1,1.58929167085638,1
14,N350,wm,Bl0T1,-2.26352827004933,1
14,N100,wm,Bl0T2,-2.03740713712664,1
14,P2,wm,Bl0T2,-0.905434641211617,1
14,N350,wm,Bl0T2,-2.76232062525363,1
14,N100,wm,Bl0T3,-2.9225092523308,1
14,P2,wm,Bl0T3,-1.09297808797353,1
14,N350,wm,Bl0T3,-2.7498610089787,1
14,N100,wm,Bl0T4,-1.55984932400134,1
14,P2,wm,Bl0T4,1.48220891706189,1
14,N350,wm,Bl0T4,-3.11697943328443,1
14,N100,wn,Bl0T1,-2.93989677926411,1
14,P2,wn,Bl0T1,2.96431041118102,1
14,N350,wn,Bl0T1,-2.27567640731642,1
14,N100,wn,Bl0T2,-1.37073820794131,1
14,P2,wn,Bl0T2,0.543032807739517,1
14,N350,wn,Bl0T2,-0.68259779703825,1
14,N100,wn,Bl0T3,-1.5996884649509,1
14,P2,wn,Bl0T3,0.486224858037434,1
14,N350,wn,Bl0T3,-0.587769888726951,1
14,N100,wn,Bl0T4,-0.755994453283751,1
14,P2,wn,Bl0T4,1.10810705942823,1
14,N350,wn,Bl0T4,-0.40466090177479,1
15,N100,wm,Bl0T1,-1.2252018565312,1
15,P2,wm,Bl0T1,3.69512213979759,1
15,N350,wm,Bl0T1,-0.789594234999466,1
15,N100,wm,Bl0T2,-1.71426508356652,1
15,P2,wm,Bl0T2,-0.1248890523594,1
15,N350,wm,Bl0T2,-2.35205044003686,1
15,N100,wm,Bl0T3,-1.98620541446357,1
15,P2,wm,Bl0T3,0.113671270936308,1
15,N350,wm,Bl0T3,-1.46153848420199,1
15,N100,wm,Bl0T4,-0.46354591222345,1
15,P2,wm,Bl0T4,0.627523275127338,1
15,N350,wm,Bl0T4,-0.90177681983813,1
15,N100,wn,Bl0T1,-2.12654397442206,1
15,P2,wn,Bl0T1,3.76722371594928,1
15,N350,wn,Bl0T1,-3.1521072249581,1
15,N100,wn,Bl0T2,-2.27284590915698,1
15,P2,wn,Bl0T2,0.180615883176084,1
15,N350,wn,Bl0T2,-1.6928738054097,1
15,N100,wn,Bl0T3,-0.120678141535664,1
15,P2,wn,Bl0T3,0.239542601899604,1
15,N350,wn,Bl0T3,-1.0461325650334,1
15,N100,wn,Bl0T4,-2.18165094621271,1
15,P2,wn,Bl0T4,-0.902683304410393,1
15,N350,wn,Bl0T4,-1.58376743270554,1
16,N100,wm,Bl0T1,-1.84043424382249,1
16,P2,wm,Bl0T1,0.651518460108777,1
16,N350,wm,Bl0T1,-1.7561019323875,1
16,N100,wm,Bl0T2,-1.67314790482265,1
16,P2,wm,Bl0T2,0.279909006672543,1
16,N350,wm,Bl0T2,-0.515386598336424,1
16,N100,wm,Bl0T3,-1.54276184853945,1
16,P2,wm,Bl0T3,0.575275289353438,1
16,N350,wm,Bl0T3,-0.391822664249697,1
16,N100,wm,Bl0T4,-1.6897562139086,1
16,P2,wm,Bl0T4,0.562521339121533,1
16,N350,wm,Bl0T4,-0.65095144872217,1
16,N100,wn,Bl0T1,-2.21781746017851,1
16,P2,wn,Bl0T1,0.678190027518529,1
16,N350,wn,Bl0T1,-1.90776314703556,1
16,N100,wn,Bl0T2,-1.34173047064581,1
16,P2,wn,Bl0T2,0.187984404310654,1
16,N350,wn,Bl0T2,-1.13240945599514,1
16,N100,wn,Bl0T3,-2.12875525734604,1
16,P2,wn,Bl0T3,0.696544963275191,1
16,N350,wn,Bl0T3,-0.456065520773274,1
16,N100,wn,Bl0T4,-1.99375898290902,1
16,P2,wn,Bl0T4,0.803299990444331,1
16,N350,wn,Bl0T4,-0.662104914273858,1
17,N100,wm,Bl0T1,-1.53432311976546,1
17,P2,wm,Bl0T1,2.35036173891962,1
17,N350,wm,Bl0T1,-2.46934846965643,1
17,N100,wm,Bl0T2,-1.74398958238128,1
17,P2,wm,Bl0T2,-0.528318090047553,1
17,N350,wm,Bl0T2,-1.50836847291838,1
17,N100,wm,Bl0T3,-1.4146144487256,1
17,P2,wm,Bl0T3,-0.822060965417419,1
17,N350,wm,Bl0T3,-0.839348407870159,1
17,N100,wm,Bl0T4,-1.83624949914869,1
17,P2,wm,Bl0T4,-0.594854293341748,1
17,N350,wm,Bl0T4,-1.71841621331032,1
17,N100,wn,Bl0T1,-1.24827962363205,1
17,P2,wn,Bl0T1,-0.582299518816262,1
17,N350,wn,Bl0T1,-3.03364096057734,1
17,N100,wn,Bl0T2,-1.06386382716765,1
17,P2,wn,Bl0T2,-0.57606064070687,1
17,N350,wn,Bl0T2,-0.705862514875935,1
17,N100,wn,Bl0T3,-0.849278410863584,1
17,P2,wn,Bl0T3,-0.146046342939861,1
17,N350,wn,Bl0T3,-0.508538234481919,1
17,N100,wn,Bl0T4,-1.36227432156591,1
17,P2,wn,Bl0T4,-0.30544789737213,1
17,N350,wn,Bl0T4,-0.18485195796001,1
19,N100,wm,Bl0T1,-2.00342477942834,1
19,P2,wm,Bl0T1,1.08806968723786,1
19,N350,wm,Bl0T1,-2.13026277662074,1
19,N100,wm,Bl0T2,-2.1122432962793,1
19,P2,wm,Bl0T2,0.121748205564519,1
19,N350,wm,Bl0T2,-1.3260008044653,1
19,N100,wm,Bl0T3,-2.08593295685089,1
19,P2,wm,Bl0T3,-0.132069232756341,1
19,N350,wm,Bl0T3,-1.3209956007475,1
19,N100,wm,Bl0T4,-1.64157692323249,1
19,P2,wm,Bl0T4,0.927027733406673,1
19,N350,wm,Bl0T4,-1.44636048672115,1
19,N100,wn,Bl0T1,-3.61337440106155,1
19,P2,wn,Bl0T1,1.8365591158379,1
19,N350,wn,Bl0T1,-4.21540134270348,1
19,N100,wn,Bl0T2,-2.34181705745411,1
19,P2,wn,Bl0T2,0.00957221531322243,1
19,N350,wn,Bl0T2,-2.34792931341244,1
19,N100,wn,Bl0T3,-2.11122779406721,1
19,P2,wn,Bl0T3,0.731796369462016,1
19,N350,wn,Bl0T3,-1.50764953740217,1
19,N100,wn,Bl0T4,-3.54620021091326,1
19,P2,wn,Bl0T4,-0.199936525875064,1
19,N350,wn,Bl0T4,-1.61555624407106,1
20,N100,wm,Bl0T1,-3.78035275753518,1
20,P2,wm,Bl0T1,-0.398871970582301,1
20,N350,wm,Bl0T1,-1.8567427116172,1
20,N100,wm,Bl0T2,-2.31511629278267,1
20,P2,wm,Bl0T2,-0.445093718818802,1
20,N350,wm,Bl0T2,-1.78888647354721,1
20,N100,wm,Bl0T3,-1.57384390199435,1
20,P2,wm,Bl0T3,-0.475150453714462,1
20,N350,wm,Bl0T3,-0.232249112700539,1
20,N100,wm,Bl0T4,-2.83780006690513,1
20,P2,wm,Bl0T4,-0.641081419866969,1
20,N350,wm,Bl0T4,-1.66843409340461,1
20,N100,wn,Bl0T1,-2.55311230066333,1
20,P2,wn,Bl0T1,0.510310700996954,1
20,N350,wn,Bl0T1,-2.92474536875726,1
20,N100,wn,Bl0T2,-2.5067770762874,1
20,P2,wn,Bl0T2,-0.25441761360342,1
20,N350,wn,Bl0T2,-0.370329263466498,1
20,N100,wn,Bl0T3,-2.67540994958396,1
20,P2,wn,Bl0T3,-0.969208323402864,1
20,N350,wn,Bl0T3,-1.75843221060232,1
20,N100,wn,Bl0T4,-2.55274855905076,1
20,P2,wn,Bl0T4,-0.357653530558127,1
20,N350,wn,Bl0T4,-1.6731089165037,1
21,N100,wm,Bl0T1,-1.03367866720162,1
21,P2,wm,Bl0T1,1.25472351793377,1
21,N350,wm,Bl0T1,-0.537433014085428,1
21,N100,wm,Bl0T2,-0.709073406461168,1
21,P2,wm,Bl0T2,0.544828700795243,1
21,N350,wm,Bl0T2,-0.135943062902859,1
21,N100,wm,Bl0T3,-0.591286705396542,1
21,P2,wm,Bl0T3,0.358159169916476,1
21,N350,wm,Bl0T3,-0.599102384805512,1
21,N100,wm,Bl0T4,-0.583800010592233,1
21,P2,wm,Bl0T4,0.681161121452848,1
21,N350,wm,Bl0T4,-0.0648944256791756,1
21,N100,wn,Bl0T1,-0.243561732829352,1
21,P2,wn,Bl0T1,2.66849318626533,1
21,N350,wn,Bl0T1,-0.336783064778308,1
21,N100,wn,Bl0T2,-1.05046846076131,1
21,P2,wn,Bl0T2,1.23442480405826,1
21,N350,wn,Bl0T2,0.00175627371940709,1
21,N100,wn,Bl0T3,-0.328203290982268,1
21,P2,wn,Bl0T3,1.57313945670569,1
21,N350,wn,Bl0T3,-0.0606163121128855,1
21,N100,wn,Bl0T4,-0.984426134894491,1
21,P2,wn,Bl0T4,0.638500249852709,1
21,N350,wn,Bl0T4,-0.756871043230182,1
23,N100,wn,Bl0T1,-4.8082452889727,1
23,P2,wn,Bl0T1,3.13845743101046,1
23,N350,wn,Bl0T1,-2.59082777650805,1
23,N100,wn,Bl0T2,-3.27424841952541,1
23,P2,wn,Bl0T2,2.12723982120283,1
23,N350,wn,Bl0T2,-0.923572077668609,1
23,N100,wn,Bl0T3,-3.13962503895566,1
23,P2,wn,Bl0T3,2.46201837385578,1
23,N350,wn,Bl0T3,-2.06917144030759,1
23,N100,wn,Bl0T4,-2.57598135483181,1
23,P2,wn,Bl0T4,1.37433658737945,1
23,N350,wn,Bl0T4,-2.71178699232481,1
24,N100,wm,Bl0T1,-1.7932184607888,1
24,P2,wm,Bl0T1,0.160377555686823,1
24,N350,wm,Bl0T1,-2.17024545739427,1
24,N100,wm,Bl0T2,-1.42379692213819,1
24,P2,wm,Bl0T2,-0.0713732325428418,1
24,N350,wm,Bl0T2,-1.09566791546324,1
24,N100,wm,Bl0T3,-1.48681937293019,1
24,P2,wm,Bl0T3,-0.794156078068174,1
24,N350,wm,Bl0T3,-1.21299802471849,1
24,N100,wm,Bl0T4,-0.903945354773165,1
24,P2,wm,Bl0T4,1.22483827098511,1
24,N350,wm,Bl0T4,0.129862024209267,1
24,N100,wn,Bl0T1,-2.28589378966141,1
24,P2,wn,Bl0T1,0.706006532471437,1
24,N350,wn,Bl0T1,-2.14525383029877,1
24,N100,wn,Bl0T2,-3.14330086115895,1
24,P2,wn,Bl0T2,-1.05065593296123,1
24,N350,wn,Bl0T2,-1.29920287269749,1
24,N100,wn,Bl0T3,-1.07926853779594,1
24,P2,wn,Bl0T3,1.26480601836982,1
24,N350,wn,Bl0T3,-0.588421648917902,1
24,N100,wn,Bl0T4,-2.01548872309253,1
24,P2,wn,Bl0T4,0.0145724245644969,1
24,N350,wn,Bl0T4,-1.37642583283507,1
25,N100,wm,Bl0T1,-2.66830616403647,1
25,P2,wm,Bl0T1,0.0307366211363977,1
25,N350,wm,Bl0T1,-2.89809239515604,1
25,N100,wm,Bl0T2,-1.78411859794761,1
25,P2,wm,Bl0T2,-0.57384900123407,1
25,N350,wm,Bl0T2,-0.52415097728889,1
25,N100,wm,Bl0T3,-1.95268316148754,1
25,P2,wm,Bl0T3,-0.716542405299885,1
25,N350,wm,Bl0T3,-0.806866948230675,1
25,N100,wm,Bl0T4,-1.76872986582651,1
25,P2,wm,Bl0T4,-1.08141563669175,1
25,N350,wm,Bl0T4,-1.77265033969005,1
25,N100,wn,Bl0T1,-3.42623106955413,1
25,P2,wn,Bl0T1,-0.678659923141391,1
25,N350,wn,Bl0T1,-4.25082431493103,1
25,N100,wn,Bl0T2,-1.42437776985203,1
25,P2,wn,Bl0T2,-0.958949830336496,1
25,N350,wn,Bl0T2,-1.8295436439404,1
25,N100,wn,Bl0T3,-2.64802915188355,1
25,P2,wn,Bl0T3,-1.4683996705499,1
25,N350,wn,Bl0T3,-2.51084853562212,1
25,N100,wn,Bl0T4,-3.19974419130444,1
25,P2,wn,Bl0T4,-1.78906059496372,1
25,N350,wn,Bl0T4,-1.32323098721293,1
26,N100,wm,Bl0T1,-2.86921884172538,1
26,P2,wm,Bl0T1,0.140001614915171,1
26,N350,wm,Bl0T1,-3.69434139322596,1
26,N100,wm,Bl0T2,-2.42677666512884,1
26,P2,wm,Bl0T2,-0.277879271484807,1
26,N350,wm,Bl0T2,-2.2061473491624,1
26,N100,wm,Bl0T3,-2.42635152894531,1
26,P2,wm,Bl0T3,0.124900877494977,1
26,N350,wm,Bl0T3,-1.46806718973189,1
26,N100,wm,Bl0T4,-1.65501908682357,1
26,P2,wm,Bl0T4,0.79947657900293,1
26,N350,wm,Bl0T4,-1.06935168705545,1
26,N100,wn,Bl0T1,-1.08114819477527,1
26,P2,wn,Bl0T1,4.28450166831094,1
26,N350,wn,Bl0T1,-4.13615625920649,1
26,N100,wn,Bl0T2,-0.888503833473704,1
26,P2,wn,Bl0T2,4.15226111155282,1
26,N350,wn,Bl0T2,-2.57173968829284,1
26,N100,wn,Bl0T3,-0.886559072262804,1
26,P2,wn,Bl0T3,4.16193154785583,1
26,N350,wn,Bl0T3,-2.06764493089414,1
26,N100,wn,Bl0T4,-1.36659758422245,1
26,P2,wn,Bl0T4,3.95304402869247,1
26,N350,wn,Bl0T4,-1.85113671507695,1
27,N100,wm,Bl0T1,-1.11058300810314,1
27,P2,wm,Bl0T1,2.43759355981558,1
27,N350,wm,Bl0T1,-1.62203384635591,1
27,N100,wm,Bl0T2,-1.19530701241488,1
27,P2,wm,Bl0T2,0.995035969984235,1
27,N350,wm,Bl0T2,-1.1906306123762,1
27,N100,wm,Bl0T3,-1.22118282250508,1
27,P2,wm,Bl0T3,1.34122635977239,1
27,N350,wm,Bl0T3,-0.711489964743938,1
27,N100,wm,Bl0T4,-1.51533487399477,1
27,P2,wm,Bl0T4,0.859941181798985,1
27,N350,wm,Bl0T4,-0.67179364800686,1
27,N100,wn,Bl0T1,-0.605598733411602,1
27,P2,wn,Bl0T1,2.5579626331011,1
27,N350,wn,Bl0T1,-1.21124740648687,1
27,N100,wn,Bl0T2,-0.797782993462816,1
27,P2,wn,Bl0T2,1.0748392486712,1
27,N350,wn,Bl0T2,-0.289545511372422,1
27,N100,wn,Bl0T3,-0.504104135984326,1
27,P2,wn,Bl0T3,1.21025712942463,1
27,N350,wn,Bl0T3,-0.23234150048811,1
27,N100,wn,Bl0T4,-1.05922048411384,1
27,P2,wn,Bl0T4,0.811423484257021,1
27,N350,wn,Bl0T4,-0.729174844005697,1
28,N100,wm,Bl0T1,-2.16024747246626,1
28,P2,wm,Bl0T1,2.80427737240335,1
28,N350,wm,Bl0T1,-2.91115024437766,1
28,N100,wm,Bl0T2,-1.231574706268,1
28,P2,wm,Bl0T2,0.852085696378102,1
28,N350,wm,Bl0T2,-2.02145559265089,1
28,N100,wm,Bl0T3,-1.66057397512788,1
28,P2,wm,Bl0T3,0.641235881670878,1
28,N350,wm,Bl0T3,-1.60844931207916,1
28,N100,wm,Bl0T4,-0.740129012868177,1
28,P2,wm,Bl0T4,1.96987861422477,1
28,N350,wm,Bl0T4,-0.349575770506635,1
28,N100,wn,Bl0T1,-3.62877672135494,1
28,P2,wn,Bl0T1,2.77893930640141,1
28,N350,wn,Bl0T1,-2.79617716473251,1
28,N100,wn,Bl0T2,-2.40802846632562,1
28,P2,wn,Bl0T2,0.960581072686775,1
28,N350,wn,Bl0T2,-1.16705258069926,1
28,N100,wn,Bl0T3,-2.6054405305845,1
28,P2,wn,Bl0T3,1.57856772650503,1
28,N350,wn,Bl0T3,-1.37714123246777,1
28,N100,wn,Bl0T4,-2.71570117562078,1
28,P2,wn,Bl0T4,0.915599968487044,1
28,N350,wn,Bl0T4,-1.16795978343645,1
29,N100,wm,Bl0T1,-0.446699285088332,1
29,P2,wm,Bl0T1,1.02941579126442,1
29,N350,wm,Bl0T1,-1.98405246138843,1
29,N100,wm,Bl0T2,-1.54014953070884,1
29,P2,wm,Bl0T2,-0.715363395823023,1
29,N350,wm,Bl0T2,-1.71089373160951,1
29,N100,wm,Bl0T3,-0.72591003436063,1
29,P2,wm,Bl0T3,-0.578460944791635,1
29,N350,wm,Bl0T3,-1.08049625840082,1
29,N100,wm,Bl0T4,-0.404318977203853,1
29,P2,wm,Bl0T4,0.358011214143271,1
29,N350,wm,Bl0T4,-0.958767925669412,1
29,N100,wn,Bl0T1,-1.99434510043191,1
29,P2,wn,Bl0T1,-0.953245678833593,1
29,N350,wn,Bl0T1,-3.97140214227369,1
29,N100,wn,Bl0T2,-2.14036735453037,1
29,P2,wn,Bl0T2,-1.25107129454472,1
29,N350,wn,Bl0T2,-2.24850465596987,1
29,N100,wn,Bl0T3,-2.01754019865283,1
29,P2,wn,Bl0T3,-2.39274800857222,1
29,N350,wn,Bl0T3,-2.3392080354188,1
29,N100,wn,Bl0T4,-1.84517175308646,1
29,P2,wn,Bl0T4,-1.030466348949,1
29,N350,wn,Bl0T4,-1.82556855076202,1
30,N100,wm,Bl0T1,-2.24970436941681,1
30,P2,wm,Bl0T1,1.9902022515553,1
30,N350,wm,Bl0T1,-2.34246136152272,1
30,N100,wm,Bl0T2,-2.36762347111089,1
30,P2,wm,Bl0T2,0.603021644877519,1
30,N350,wm,Bl0T2,-0.430151002071798,1
30,N100,wm,Bl0T3,-3.08839221837469,1
30,P2,wm,Bl0T3,0.941044628633204,1
30,N350,wm,Bl0T3,-0.905431858170342,1
30,N100,wm,Bl0T4,-2.03739544897075,1
30,P2,wm,Bl0T4,0.196653798976263,1
30,N350,wm,Bl0T4,-1.49430403937088,1
30,N100,wn,Bl0T1,-2.11361303375644,1
30,P2,wn,Bl0T1,4.04774946818951,1
30,N350,wn,Bl0T1,-3.27151620998979,1
30,N100,wn,Bl0T2,-1.88852339751152,1
30,P2,wn,Bl0T2,1.6728631324295,1
30,N350,wn,Bl0T2,0.884078047235042,1
30,N100,wn,Bl0T3,-3.12521118712784,1
30,P2,wn,Bl0T3,-0.61167177380994,1
30,N350,wn,Bl0T3,-1.37831427840779,1
30,N100,wn,Bl0T4,-2.51004617544477,1
30,P2,wn,Bl0T4,0.996400833273031,1
30,N350,wn,Bl0T4,-1.05109370375824,1
31,N100,wm,Bl0T1,-1.57874643358934,1
31,P2,wm,Bl0T1,1.33910556532797,1
31,N350,wm,Bl0T1,-1.81027109672537,1
31,N100,wm,Bl0T2,-1.67337463192397,1
31,P2,wm,Bl0T2,-0.0350459034294502,1
31,N350,wm,Bl0T2,-0.954752646193363,1
31,N100,wm,Bl0T3,-0.977990806882623,1
31,P2,wm,Bl0T3,0.458166858555677,1
31,N350,wm,Bl0T3,-0.64836544732702,1
31,N100,wm,Bl0T4,-1.55454524466679,1
31,P2,wm,Bl0T4,0.139299253806738,1
31,N350,wm,Bl0T4,-0.863565198946744,1
31,N100,wn,Bl0T1,-2.24265240188688,1
31,P2,wn,Bl0T1,1.21423211262014,1
31,N350,wn,Bl0T1,-3.30859749175789,1
31,N100,wn,Bl0T2,-2.00255079131801,1
31,P2,wn,Bl0T2,-0.67043948778796,1
31,N350,wn,Bl0T2,-1.34160823741884,1
31,N100,wn,Bl0T3,-2.5501287908289,1
31,P2,wn,Bl0T3,-1.74591431124093,1
31,N350,wn,Bl0T3,-1.69327682384961,1
31,N100,wn,Bl0T4,-1.9341231938389,1
31,P2,wn,Bl0T4,-0.353073892340655,1
31,N350,wn,Bl0T4,-0.640248882651536,1
32,N100,wm,Bl0T1,-2.56264225751595,1
32,P2,wm,Bl0T1,0.940152217779352,1
32,N350,wm,Bl0T1,-1.52237061096939,1
32,N100,wm,Bl0T2,-2.24145242007965,1
32,P2,wm,Bl0T2,0.041448728194539,1
32,N350,wm,Bl0T2,-0.590327510220204,1
32,N100,wm,Bl0T3,-2.31976460632696,1
32,P2,wm,Bl0T3,-0.279180127566818,1
32,N350,wm,Bl0T3,-0.210397477896078,1
32,N100,wm,Bl0T4,-1.99526591529008,1
32,P2,wm,Bl0T4,0.459271902329219,1
32,N350,wm,Bl0T4,-0.377741169957357,1
32,N100,wn,Bl0T1,-2.72876311650917,1
32,P2,wn,Bl0T1,3.51339114814149,1
32,N350,wn,Bl0T1,-1.61399133907025,1
32,N100,wn,Bl0T2,-3.47804133497814,1
32,P2,wn,Bl0T2,0.358449256775257,1
32,N350,wn,Bl0T2,-0.378568655874789,1
32,N100,wn,Bl0T3,-3.91144665862833,1
32,P2,wn,Bl0T3,0.0125089469498822,1
32,N350,wn,Bl0T3,-1.04972810890526,1
32,N100,wn,Bl0T4,-2.99155755601998,1
32,P2,wn,Bl0T4,1.22280100298862,1
32,N350,wn,Bl0T4,-0.47775242709393,1
33,N100,wm,Bl0T1,-0.654564058374726,1
33,P2,wm,Bl0T1,0.725450015973507,1
33,N350,wm,Bl0T1,-1.53554495346142,1
33,N100,wm,Bl0T2,-0.620015482732017,1
33,P2,wm,Bl0T2,-0.0149919391712,1
33,N350,wm,Bl0T2,-1.28622648850797,1
33,N100,wm,Bl0T3,-0.247310742927325,1
33,P2,wm,Bl0T3,0.338097144370076,1
33,N350,wm,Bl0T3,-0.453738778361747,1
33,N100,wm,Bl0T4,-0.659105807041453,1
33,P2,wm,Bl0T4,0.587384844334169,1
33,N350,wm,Bl0T4,-0.65032403952329,1
33,N100,wn,Bl0T1,-1.2038385033441,1
33,P2,wn,Bl0T1,2.38560192027911,1
33,N350,wn,Bl0T1,-3.21725071499684,1
33,N100,wn,Bl0T2,-1.00348670850054,1
33,P2,wn,Bl0T2,0.35725147300567,1
33,N350,wn,Bl0T2,-1.20016397385452,1
33,N100,wn,Bl0T3,-0.581555070530275,1
33,P2,wn,Bl0T3,0.442351972645224,1
33,N350,wn,Bl0T3,-0.787824012520206,1
33,N100,wn,Bl0T4,-0.701836687414662,1
33,P2,wn,Bl0T4,0.00172752033134824,1
33,N350,wn,Bl0T4,-1.15779289166443,1
34,N100,wm,Bl0T1,-2.99872406737073,1
34,P2,wm,Bl0T1,1.6625326638006,1
34,N350,wm,Bl0T1,-1.62091195018226,1
34,N100,wm,Bl0T2,-1.16981615894669,1
34,P2,wm,Bl0T2,1.29097935485529,1
34,N350,wm,Bl0T2,-0.824770989837342,1
34,N100,wm,Bl0T3,-1.6435018349996,1
34,P2,wm,Bl0T3,0.7747701777006,1
34,N350,wm,Bl0T3,-0.487389579279975,1
34,N100,wm,Bl0T4,-1.61987556466183,1
34,P2,wm,Bl0T4,0.756805607780251,1
34,N350,wm,Bl0T4,-0.932426825515103,1
34,N100,wn,Bl0T1,-4.19794951972604,1
34,P2,wn,Bl0T1,2.41493935578059,1
34,N350,wn,Bl0T1,-2.75962888190923,1
34,N100,wn,Bl0T2,-2.62526113723272,1
34,P2,wn,Bl0T2,1.38878158976893,1
34,N350,wn,Bl0T2,-1.20239337868299,1
34,N100,wn,Bl0T3,-4.51363377761812,1
34,P2,wn,Bl0T3,-0.523806151613179,1
34,N350,wn,Bl0T3,-2.41505405356061,1
34,N100,wn,Bl0T4,-2.97012547156881,1
34,P2,wn,Bl0T4,1.24106653607176,1
34,N350,wn,Bl0T4,-2.13326151874595,1
35,N100,wm,Bl0T1,-0.843618517738745,1
35,P2,wm,Bl0T1,0.580381281235537,1
35,N350,wm,Bl0T1,-2.69406259393157,1
35,N100,wm,Bl0T2,-1.48470167297249,1
35,P2,wm,Bl0T2,0.141967247001702,1
35,N350,wm,Bl0T2,-0.182279018716266,1
35,N100,wm,Bl0T3,-0.934658786950047,1
35,P2,wm,Bl0T3,0.15280349897964,1
35,N350,wm,Bl0T3,-0.355305613736521,1
35,N100,wm,Bl0T4,-1.1442702035115,1
35,P2,wm,Bl0T4,-0.412601604534609,1
35,N350,wm,Bl0T4,-0.521501131186103,1
35,N100,wn,Bl0T1,-1.91785576825236,1
35,P2,wn,Bl0T1,0.977021747252276,1
35,N350,wn,Bl0T1,-2.67749058137225,1
35,N100,wn,Bl0T2,-0.0626143169957538,1
35,P2,wn,Bl0T2,0.409459273617628,1
35,N350,wn,Bl0T2,0.654141899191363,1
35,N100,wn,Bl0T3,-0.851390949433025,1
35,P2,wn,Bl0T3,-0.885453436602882,1
35,N350,wn,Bl0T3,-0.00274907550807155,1
35,N100,wn,Bl0T4,-1.76657140542553,1
35,P2,wn,Bl0T4,-0.826758835900784,1
35,N350,wn,Bl0T4,-0.542848229975762,1
36,N100,wm,Bl0T1,-3.1542198593328,1
36,P2,wm,Bl0T1,0.571458249426079,1
36,N350,wm,Bl0T1,-2.92451553069748,1
36,N100,wm,Bl0T2,-1.83025435583022,1
36,P2,wm,Bl0T2,-0.479604819798668,1
36,N350,wm,Bl0T2,-0.597843054683322,1
36,N100,wm,Bl0T3,-1.84422123874117,1
36,P2,wm,Bl0T3,-0.225786270458182,1
36,N350,wm,Bl0T3,-0.532263038632529,1
36,N100,wm,Bl0T4,-2.35619141975634,1
36,P2,wm,Bl0T4,0.0545456097946437,1
36,N350,wm,Bl0T4,-0.720172504674167,1
36,N100,wn,Bl0T1,-2.97919612368755,1
36,P2,wn,Bl0T1,1.80912126482873,1
36,N350,wn,Bl0T1,-2.37860283192661,1
36,N100,wn,Bl0T2,-2.57398584576034,1
36,P2,wn,Bl0T2,-0.72664555256762,1
36,N350,wn,Bl0T2,-0.971707771948642,1
36,N100,wn,Bl0T3,-2.12538444136683,1
36,P2,wn,Bl0T3,-0.383908629816439,1
36,N350,wn,Bl0T3,-0.844960931344786,1
36,N100,wn,Bl0T4,-1.85933819159741,1
36,P2,wn,Bl0T4,0.164573730688542,1
36,N350,wn,Bl0T4,-0.54475197331868,1
37,N100,wm,Bl0T1,-1.76718198018854,1
37,P2,wm,Bl0T1,1.49011765912196,1
37,N350,wm,Bl0T1,-0.641423942605757,1
37,N100,wm,Bl0T2,-1.07203927323351,1
37,P2,wm,Bl0T2,0.532176888503164,1
37,N350,wm,Bl0T2,0.0809533974738434,1
37,N100,wm,Bl0T3,-0.63001622087024,1
37,P2,wm,Bl0T3,0.559774637060341,1
37,N350,wm,Bl0T3,-0.33780361642772,1
37,N100,wm,Bl0T4,-1.03009025177476,1
37,P2,wm,Bl0T4,-0.210765487703641,1
37,N350,wm,Bl0T4,-0.0493502707567508,1
37,N100,wn,Bl0T1,-0.581727438982105,1
37,P2,wn,Bl0T1,1.28200462776266,1
37,N350,wn,Bl0T1,-0.75483142412856,1
37,N100,wn,Bl0T2,-0.441170099673586,1
37,P2,wn,Bl0T2,1.14075753384063,1
37,N350,wn,Bl0T2,-0.259487968530092,1
37,N100,wn,Bl0T3,-0.586416395733774,1
37,P2,wn,Bl0T3,0.949186632220755,1
37,N350,wn,Bl0T3,-0.338616654742127,1
37,N100,wn,Bl0T4,-0.58961632181037,1
37,P2,wn,Bl0T4,0.736359668253916,1
37,N350,wn,Bl0T4,-0.122833136435969,1
38,N100,wm,Bl0T1,1.72054919925145,1
38,P2,wm,Bl0T1,6.63463512477487,1
38,N350,wm,Bl0T1,-3.67368702504351,1
38,N100,wm,Bl0T2,-1.29965724528875,1
38,P2,wm,Bl0T2,2.23058742881341,1
38,N350,wm,Bl0T2,-2.52791579223455,1
38,N100,wm,Bl0T3,-2.42456320560003,1
38,P2,wm,Bl0T3,2.12698947605849,1
38,N350,wm,Bl0T3,-0.875700383350529,1
38,N100,wm,Bl0T4,-1.1554396898766,0
38,P2,wm,Bl0T4,1.72864308958729,1
38,N350,wm,Bl0T4,-1.15729300068622,1
38,N100,wn,Bl0T1,-5.75133819215506,1
38,P2,wn,Bl0T1,2.16986064796372,1
38,N350,wn,Bl0T1,-8.81022917336504,1
38,N100,wn,Bl0T2,-0.497193317722023,1
38,P2,wn,Bl0T2,0.517901845337841,1
38,N350,wn,Bl0T2,-1.95984738592456,1
38,N100,wn,Bl0T3,-2.24963434958967,1
38,P2,wn,Bl0T3,1.28079879748022,1
38,N350,wn,Bl0T3,-1.80254515063926,1
38,N100,wn,Bl0T4,1.28924403480095,1
38,P2,wn,Bl0T4,-0.0587461446261987,1
38,N350,wn,Bl0T4,-2.77209299625965,1
