sub,sov,cond,trial_amount
02,N2,T650_1,43
03,N2,T650_1,68
04,N2,T650_1,62
08,N2,T650_1,64
09,N2,T650_1,83
10,N2,T650_1,86
11,N2,T650_1,60
13,N2,T650_1,88
14,N2,T650_1,24
15,N2,T650_1,99
16,N2,T650_1,92
17,N2,T650_1,57
19,N2,T650_1,97
20,N2,T650_1,83
21,N2,T650_1,88
23,N2,T650_1,65
24,N2,T650_1,105
25,N2,T650_1,83
26,N2,T650_1,28
27,N2,T650_1,33
28,N2,T650_1,100
29,N2,T650_1,77
30,N2,T650_1,114
31,N2,T650_1,87
32,N2,T650_1,63
33,N2,T650_1,120
34,N2,T650_1,65
35,N2,T650_1,69
36,N2,T650_1,58
37,N2,T650_1,61
38,N2,T650_1,88
02,N2,T845_1,43
03,N2,T845_1,69
04,N2,T845_1,63
08,N2,T845_1,72
09,N2,T845_1,82
10,N2,T845_1,80
11,N2,T845_1,52
13,N2,T845_1,90
14,N2,T845_1,29
15,N2,T845_1,96
16,N2,T845_1,89
17,N2,T845_1,48
19,N2,T845_1,104
20,N2,T845_1,87
21,N2,T845_1,93
23,N2,T845_1,68
24,N2,T845_1,111
25,N2,T845_1,91
26,N2,T845_1,31
27,N2,T845_1,39
28,N2,T845_1,95
29,N2,T845_1,75
30,N2,T845_1,119
31,N2,T845_1,87
32,N2,T845_1,68
33,N2,T845_1,114
34,N2,T845_1,59
35,N2,T845_1,66
36,N2,T845_1,53
37,N2,T845_1,57
38,N2,T845_1,89
02,N2,T1098_1,51
03,N2,T1098_1,71
04,N2,T1098_1,57
08,N2,T1098_1,65
09,N2,T1098_1,83
10,N2,T1098_1,78
11,N2,T1098_1,56
13,N2,T1098_1,88
14,N2,T1098_1,23
15,N2,T1098_1,95
16,N2,T1098_1,94
17,N2,T1098_1,54
19,N2,T1098_1,104
20,N2,T1098_1,77
21,N2,T1098_1,92
23,N2,T1098_1,66
24,N2,T1098_1,109
25,N2,T1098_1,90
26,N2,T1098_1,33
27,N2,T1098_1,32
28,N2,T1098_1,100
29,N2,T1098_1,75
30,N2,T1098_1,122
31,N2,T1098_1,94
32,N2,T1098_1,65
33,N2,T1098_1,112
34,N2,T1098_1,63
35,N2,T1098_1,67
36,N2,T1098_1,57
37,N2,T1098_1,59
38,N2,T1098_1,83
02,N2,T1428_1,48
03,N2,T1428_1,78
04,N2,T1428_1,57
08,N2,T1428_1,67
09,N2,T1428_1,86
10,N2,T1428_1,78
11,N2,T1428_1,56
13,N2,T1428_1,88
14,N2,T1428_1,26
15,N2,T1428_1,94
16,N2,T1428_1,86
17,N2,T1428_1,50
19,N2,T1428_1,100
20,N2,T1428_1,87
21,N2,T1428_1,90
23,N2,T1428_1,67
24,N2,T1428_1,114
25,N2,T1428_1,90
26,N2,T1428_1,32
27,N2,T1428_1,39
28,N2,T1428_1,92
29,N2,T1428_1,74
30,N2,T1428_1,121
31,N2,T1428_1,91
32,N2,T1428_1,64
33,N2,T1428_1,109
34,N2,T1428_1,51
35,N2,T1428_1,68
36,N2,T1428_1,61
37,N2,T1428_1,57
38,N2,T1428_1,96
02,N2,T1856_1,47
03,N2,T1856_1,67
04,N2,T1856_1,54
08,N2,T1856_1,68
09,N2,T1856_1,84
10,N2,T1856_1,77
11,N2,T1856_1,55
13,N2,T1856_1,84
14,N2,T1856_1,29
15,N2,T1856_1,89
16,N2,T1856_1,88
17,N2,T1856_1,60
19,N2,T1856_1,102
20,N2,T1856_1,87
21,N2,T1856_1,86
23,N2,T1856_1,63
24,N2,T1856_1,112
25,N2,T1856_1,89
26,N2,T1856_1,32
27,N2,T1856_1,31
28,N2,T1856_1,92
29,N2,T1856_1,75
30,N2,T1856_1,115
31,N2,T1856_1,90
32,N2,T1856_1,61
33,N2,T1856_1,112
34,N2,T1856_1,58
35,N2,T1856_1,67
36,N2,T1856_1,54
37,N2,T1856_1,57
38,N2,T1856_1,88
02,N2,T2413_1,43
03,N2,T2413_1,72
04,N2,T2413_1,55
08,N2,T2413_1,68
09,N2,T2413_1,81
10,N2,T2413_1,74
11,N2,T2413_1,49
13,N2,T2413_1,88
14,N2,T2413_1,28
15,N2,T2413_1,90
16,N2,T2413_1,83
17,N2,T2413_1,51
19,N2,T2413_1,98
20,N2,T2413_1,81
21,N2,T2413_1,98
23,N2,T2413_1,64
24,N2,T2413_1,110
25,N2,T2413_1,91
26,N2,T2413_1,27
27,N2,T2413_1,39
28,N2,T2413_1,97
29,N2,T2413_1,77
30,N2,T2413_1,123
31,N2,T2413_1,87
32,N2,T2413_1,72
33,N2,T2413_1,119
34,N2,T2413_1,55
35,N2,T2413_1,62
36,N2,T2413_1,59
37,N2,T2413_1,58
38,N2,T2413_1,73
02,N2,T3137_1,52
03,N2,T3137_1,77
04,N2,T3137_1,56
08,N2,T3137_1,67
09,N2,T3137_1,82
10,N2,T3137_1,74
11,N2,T3137_1,52
13,N2,T3137_1,81
14,N2,T3137_1,31
15,N2,T3137_1,94
16,N2,T3137_1,89
17,N2,T3137_1,48
19,N2,T3137_1,93
20,N2,T3137_1,80
21,N2,T3137_1,86
23,N2,T3137_1,59
24,N2,T3137_1,108
25,N2,T3137_1,89
26,N2,T3137_1,29
27,N2,T3137_1,37
28,N2,T3137_1,93
29,N2,T3137_1,74
30,N2,T3137_1,114
31,N2,T3137_1,87
32,N2,T3137_1,61
33,N2,T3137_1,113
34,N2,T3137_1,57
35,N2,T3137_1,67
36,N2,T3137_1,46
37,N2,T3137_1,53
38,N2,T3137_1,77
02,N2,T4079_1,49
03,N2,T4079_1,71
04,N2,T4079_1,56
08,N2,T4079_1,67
09,N2,T4079_1,80
10,N2,T4079_1,83
11,N2,T4079_1,51
13,N2,T4079_1,90
14,N2,T4079_1,30
15,N2,T4079_1,93
16,N2,T4079_1,90
17,N2,T4079_1,53
19,N2,T4079_1,102
20,N2,T4079_1,83
21,N2,T4079_1,91
23,N2,T4079_1,56
24,N2,T4079_1,108
25,N2,T4079_1,89
26,N2,T4079_1,27
27,N2,T4079_1,37
28,N2,T4079_1,102
29,N2,T4079_1,83
30,N2,T4079_1,122
31,N2,T4079_1,89
32,N2,T4079_1,61
33,N2,T4079_1,114
34,N2,T4079_1,60
35,N2,T4079_1,60
36,N2,T4079_1,40
37,N2,T4079_1,63
38,N2,T4079_1,78
02,N2,T5302_1,42
03,N2,T5302_1,75
04,N2,T5302_1,62
08,N2,T5302_1,69
09,N2,T5302_1,83
10,N2,T5302_1,74
11,N2,T5302_1,51
13,N2,T5302_1,87
14,N2,T5302_1,26
15,N2,T5302_1,95
16,N2,T5302_1,90
17,N2,T5302_1,50
19,N2,T5302_1,100
20,N2,T5302_1,82
21,N2,T5302_1,99
23,N2,T5302_1,60
24,N2,T5302_1,103
25,N2,T5302_1,90
26,N2,T5302_1,33
27,N2,T5302_1,41
28,N2,T5302_1,97
29,N2,T5302_1,70
30,N2,T5302_1,121
31,N2,T5302_1,94
32,N2,T5302_1,69
33,N2,T5302_1,122
34,N2,T5302_1,65
35,N2,T5302_1,61
36,N2,T5302_1,56
37,N2,T5302_1,56
38,N2,T5302_1,88
02,N2,T650_2,44
03,N2,T650_2,67
04,N2,T650_2,63
08,N2,T650_2,65
09,N2,T650_2,82
10,N2,T650_2,86
11,N2,T650_2,60
13,N2,T650_2,87
14,N2,T650_2,25
15,N2,T650_2,100
16,N2,T650_2,93
17,N2,T650_2,54
19,N2,T650_2,97
20,N2,T650_2,82
21,N2,T650_2,90
23,N2,T650_2,63
24,N2,T650_2,105
25,N2,T650_2,82
26,N2,T650_2,27
27,N2,T650_2,33
28,N2,T650_2,100
29,N2,T650_2,79
30,N2,T650_2,114
31,N2,T650_2,88
32,N2,T650_2,64
33,N2,T650_2,121
34,N2,T650_2,67
35,N2,T650_2,68
36,N2,T650_2,57
37,N2,T650_2,56
38,N2,T650_2,86
02,N2,T845_2,44
03,N2,T845_2,70
04,N2,T845_2,63
08,N2,T845_2,71
09,N2,T845_2,82
10,N2,T845_2,82
11,N2,T845_2,50
13,N2,T845_2,90
14,N2,T845_2,29
15,N2,T845_2,97
16,N2,T845_2,91
17,N2,T845_2,50
19,N2,T845_2,104
20,N2,T845_2,87
21,N2,T845_2,94
23,N2,T845_2,64
24,N2,T845_2,111
25,N2,T845_2,90
26,N2,T845_2,31
27,N2,T845_2,39
28,N2,T845_2,95
29,N2,T845_2,75
30,N2,T845_2,118
31,N2,T845_2,86
32,N2,T845_2,66
33,N2,T845_2,115
34,N2,T845_2,60
35,N2,T845_2,66
36,N2,T845_2,53
37,N2,T845_2,57
38,N2,T845_2,87
02,N2,T1098_2,47
03,N2,T1098_2,72
04,N2,T1098_2,55
08,N2,T1098_2,65
09,N2,T1098_2,83
10,N2,T1098_2,75
11,N2,T1098_2,57
13,N2,T1098_2,89
14,N2,T1098_2,25
15,N2,T1098_2,96
16,N2,T1098_2,90
17,N2,T1098_2,55
19,N2,T1098_2,103
20,N2,T1098_2,78
21,N2,T1098_2,92
23,N2,T1098_2,62
24,N2,T1098_2,109
25,N2,T1098_2,88
26,N2,T1098_2,34
27,N2,T1098_2,34
28,N2,T1098_2,100
29,N2,T1098_2,76
30,N2,T1098_2,122
31,N2,T1098_2,89
32,N2,T1098_2,65
33,N2,T1098_2,110
34,N2,T1098_2,63
35,N2,T1098_2,66
36,N2,T1098_2,57
37,N2,T1098_2,61
38,N2,T1098_2,91
02,N2,T1428_2,48
03,N2,T1428_2,80
04,N2,T1428_2,59
08,N2,T1428_2,67
09,N2,T1428_2,85
10,N2,T1428_2,79
11,N2,T1428_2,53
13,N2,T1428_2,88
14,N2,T1428_2,28
15,N2,T1428_2,95
16,N2,T1428_2,85
17,N2,T1428_2,49
19,N2,T1428_2,96
20,N2,T1428_2,87
21,N2,T1428_2,91
23,N2,T1428_2,67
24,N2,T1428_2,114
25,N2,T1428_2,90
26,N2,T1428_2,34
27,N2,T1428_2,38
28,N2,T1428_2,92
29,N2,T1428_2,75
30,N2,T1428_2,120
31,N2,T1428_2,90
32,N2,T1428_2,64
33,N2,T1428_2,109
34,N2,T1428_2,50
35,N2,T1428_2,67
36,N2,T1428_2,60
37,N2,T1428_2,59
38,N2,T1428_2,97
02,N2,T1856_2,47
03,N2,T1856_2,67
04,N2,T1856_2,54
08,N2,T1856_2,69
09,N2,T1856_2,83
10,N2,T1856_2,80
11,N2,T1856_2,56
13,N2,T1856_2,87
14,N2,T1856_2,29
15,N2,T1856_2,89
16,N2,T1856_2,92
17,N2,T1856_2,59
19,N2,T1856_2,101
20,N2,T1856_2,84
21,N2,T1856_2,86
23,N2,T1856_2,63
24,N2,T1856_2,112
25,N2,T1856_2,89
26,N2,T1856_2,32
27,N2,T1856_2,35
28,N2,T1856_2,92
29,N2,T1856_2,76
30,N2,T1856_2,114
31,N2,T1856_2,89
32,N2,T1856_2,62
33,N2,T1856_2,111
34,N2,T1856_2,61
35,N2,T1856_2,65
36,N2,T1856_2,53
37,N2,T1856_2,61
38,N2,T1856_2,93
02,N2,T2413_2,43
03,N2,T2413_2,73
04,N2,T2413_2,57
08,N2,T2413_2,68
09,N2,T2413_2,82
10,N2,T2413_2,78
11,N2,T2413_2,53
13,N2,T2413_2,86
14,N2,T2413_2,27
15,N2,T2413_2,92
16,N2,T2413_2,82
17,N2,T2413_2,50
19,N2,T2413_2,92
20,N2,T2413_2,81
21,N2,T2413_2,98
23,N2,T2413_2,59
24,N2,T2413_2,112
25,N2,T2413_2,88
26,N2,T2413_2,27
27,N2,T2413_2,39
28,N2,T2413_2,96
29,N2,T2413_2,76
30,N2,T2413_2,123
31,N2,T2413_2,87
32,N2,T2413_2,70
33,N2,T2413_2,119
34,N2,T2413_2,55
35,N2,T2413_2,64
36,N2,T2413_2,59
37,N2,T2413_2,60
38,N2,T2413_2,79
02,N2,T3137_2,47
03,N2,T3137_2,77
04,N2,T3137_2,60
08,N2,T3137_2,68
09,N2,T3137_2,81
10,N2,T3137_2,76
11,N2,T3137_2,55
13,N2,T3137_2,82
14,N2,T3137_2,30
15,N2,T3137_2,95
16,N2,T3137_2,89
17,N2,T3137_2,48
19,N2,T3137_2,88
20,N2,T3137_2,80
21,N2,T3137_2,85
23,N2,T3137_2,59
24,N2,T3137_2,110
25,N2,T3137_2,90
26,N2,T3137_2,30
27,N2,T3137_2,36
28,N2,T3137_2,92
29,N2,T3137_2,76
30,N2,T3137_2,119
31,N2,T3137_2,87
32,N2,T3137_2,61
33,N2,T3137_2,114
34,N2,T3137_2,57
35,N2,T3137_2,66
36,N2,T3137_2,49
37,N2,T3137_2,55
38,N2,T3137_2,81
02,N2,T4079_2,48
03,N2,T4079_2,72
04,N2,T4079_2,58
08,N2,T4079_2,69
09,N2,T4079_2,80
10,N2,T4079_2,88
11,N2,T4079_2,52
13,N2,T4079_2,92
14,N2,T4079_2,30
15,N2,T4079_2,97
16,N2,T4079_2,89
17,N2,T4079_2,52
19,N2,T4079_2,100
20,N2,T4079_2,84
21,N2,T4079_2,91
23,N2,T4079_2,59
24,N2,T4079_2,107
25,N2,T4079_2,88
26,N2,T4079_2,27
27,N2,T4079_2,35
28,N2,T4079_2,100
29,N2,T4079_2,83
30,N2,T4079_2,119
31,N2,T4079_2,89
32,N2,T4079_2,60
33,N2,T4079_2,114
34,N2,T4079_2,60
35,N2,T4079_2,60
36,N2,T4079_2,40
37,N2,T4079_2,61
38,N2,T4079_2,80
02,N2,T5302_2,41
03,N2,T5302_2,75
04,N2,T5302_2,62
08,N2,T5302_2,68
09,N2,T5302_2,85
10,N2,T5302_2,79
11,N2,T5302_2,52
13,N2,T5302_2,88
14,N2,T5302_2,24
15,N2,T5302_2,94
16,N2,T5302_2,89
17,N2,T5302_2,50
19,N2,T5302_2,100
20,N2,T5302_2,80
21,N2,T5302_2,98
23,N2,T5302_2,62
24,N2,T5302_2,105
25,N2,T5302_2,94
26,N2,T5302_2,33
27,N2,T5302_2,33
28,N2,T5302_2,96
29,N2,T5302_2,70
30,N2,T5302_2,125
31,N2,T5302_2,94
32,N2,T5302_2,68
33,N2,T5302_2,123
34,N2,T5302_2,63
35,N2,T5302_2,63
36,N2,T5302_2,58
37,N2,T5302_2,57
38,N2,T5302_2,96
02,N2,T650_3,46
03,N2,T650_3,67
04,N2,T650_3,63
08,N2,T650_3,65
09,N2,T650_3,83
10,N2,T650_3,85
11,N2,T650_3,60
13,N2,T650_3,86
14,N2,T650_3,24
15,N2,T650_3,93
16,N2,T650_3,92
17,N2,T650_3,55
19,N2,T650_3,95
20,N2,T650_3,83
21,N2,T650_3,91
23,N2,T650_3,68
24,N2,T650_3,105
25,N2,T650_3,82
26,N2,T650_3,27
27,N2,T650_3,34
28,N2,T650_3,102
29,N2,T650_3,80
30,N2,T650_3,115
31,N2,T650_3,89
32,N2,T650_3,63
33,N2,T650_3,121
34,N2,T650_3,65
35,N2,T650_3,66
36,N2,T650_3,54
37,N2,T650_3,60
38,N2,T650_3,85
02,N2,T845_3,45
03,N2,T845_3,70
04,N2,T845_3,63
08,N2,T845_3,71
09,N2,T845_3,83
10,N2,T845_3,80
11,N2,T845_3,53
13,N2,T845_3,89
14,N2,T845_3,30
15,N2,T845_3,96
16,N2,T845_3,91
17,N2,T845_3,52
19,N2,T845_3,104
20,N2,T845_3,84
21,N2,T845_3,93
23,N2,T845_3,65
24,N2,T845_3,111
25,N2,T845_3,92
26,N2,T845_3,31
27,N2,T845_3,36
28,N2,T845_3,94
29,N2,T845_3,75
30,N2,T845_3,116
31,N2,T845_3,85
32,N2,T845_3,67
33,N2,T845_3,114
34,N2,T845_3,59
35,N2,T845_3,65
36,N2,T845_3,52
37,N2,T845_3,60
38,N2,T845_3,87
02,N2,T1098_3,47
03,N2,T1098_3,71
04,N2,T1098_3,56
08,N2,T1098_3,65
09,N2,T1098_3,83
10,N2,T1098_3,77
11,N2,T1098_3,58
13,N2,T1098_3,88
14,N2,T1098_3,23
15,N2,T1098_3,94
16,N2,T1098_3,90
17,N2,T1098_3,56
19,N2,T1098_3,105
20,N2,T1098_3,77
21,N2,T1098_3,93
23,N2,T1098_3,62
24,N2,T1098_3,108
25,N2,T1098_3,88
26,N2,T1098_3,34
27,N2,T1098_3,32
28,N2,T1098_3,100
29,N2,T1098_3,77
30,N2,T1098_3,122
31,N2,T1098_3,90
32,N2,T1098_3,65
33,N2,T1098_3,114
34,N2,T1098_3,63
35,N2,T1098_3,67
36,N2,T1098_3,57
37,N2,T1098_3,59
38,N2,T1098_3,94
02,N2,T1428_3,46
03,N2,T1428_3,79
04,N2,T1428_3,58
08,N2,T1428_3,67
09,N2,T1428_3,84
10,N2,T1428_3,81
11,N2,T1428_3,56
13,N2,T1428_3,87
14,N2,T1428_3,28
15,N2,T1428_3,95
16,N2,T1428_3,85
17,N2,T1428_3,49
19,N2,T1428_3,96
20,N2,T1428_3,86
21,N2,T1428_3,85
23,N2,T1428_3,63
24,N2,T1428_3,113
25,N2,T1428_3,87
26,N2,T1428_3,35
27,N2,T1428_3,34
28,N2,T1428_3,91
29,N2,T1428_3,74
30,N2,T1428_3,121
31,N2,T1428_3,90
32,N2,T1428_3,65
33,N2,T1428_3,108
34,N2,T1428_3,50
35,N2,T1428_3,67
36,N2,T1428_3,59
37,N2,T1428_3,59
38,N2,T1428_3,96
02,N2,T1856_3,45
03,N2,T1856_3,67
04,N2,T1856_3,57
08,N2,T1856_3,69
09,N2,T1856_3,83
10,N2,T1856_3,84
11,N2,T1856_3,57
13,N2,T1856_3,85
14,N2,T1856_3,28
15,N2,T1856_3,94
16,N2,T1856_3,91
17,N2,T1856_3,58
19,N2,T1856_3,104
20,N2,T1856_3,85
21,N2,T1856_3,85
23,N2,T1856_3,64
24,N2,T1856_3,113
25,N2,T1856_3,91
26,N2,T1856_3,33
27,N2,T1856_3,34
28,N2,T1856_3,93
29,N2,T1856_3,76
30,N2,T1856_3,116
31,N2,T1856_3,90
32,N2,T1856_3,64
33,N2,T1856_3,112
34,N2,T1856_3,60
35,N2,T1856_3,65
36,N2,T1856_3,55
37,N2,T1856_3,62
38,N2,T1856_3,94
02,N2,T2413_3,44
03,N2,T2413_3,73
04,N2,T2413_3,58
08,N2,T2413_3,67
09,N2,T2413_3,81
10,N2,T2413_3,79
11,N2,T2413_3,54
13,N2,T2413_3,87
14,N2,T2413_3,25
15,N2,T2413_3,94
16,N2,T2413_3,81
17,N2,T2413_3,58
19,N2,T2413_3,94
20,N2,T2413_3,82
21,N2,T2413_3,98
23,N2,T2413_3,62
24,N2,T2413_3,111
25,N2,T2413_3,87
26,N2,T2413_3,27
27,N2,T2413_3,41
28,N2,T2413_3,97
29,N2,T2413_3,76
30,N2,T2413_3,122
31,N2,T2413_3,87
32,N2,T2413_3,68
33,N2,T2413_3,121
34,N2,T2413_3,56
35,N2,T2413_3,64
36,N2,T2413_3,58
37,N2,T2413_3,62
38,N2,T2413_3,83
02,N2,T3137_3,48
03,N2,T3137_3,77
04,N2,T3137_3,58
08,N2,T3137_3,66
09,N2,T3137_3,82
10,N2,T3137_3,77
11,N2,T3137_3,56
13,N2,T3137_3,82
14,N2,T3137_3,30
15,N2,T3137_3,92
16,N2,T3137_3,89
17,N2,T3137_3,48
19,N2,T3137_3,92
20,N2,T3137_3,80
21,N2,T3137_3,84
23,N2,T3137_3,60
24,N2,T3137_3,111
25,N2,T3137_3,91
26,N2,T3137_3,29
27,N2,T3137_3,32
28,N2,T3137_3,96
29,N2,T3137_3,76
30,N2,T3137_3,120
31,N2,T3137_3,87
32,N2,T3137_3,61
33,N2,T3137_3,115
34,N2,T3137_3,55
35,N2,T3137_3,66
36,N2,T3137_3,49
37,N2,T3137_3,55
38,N2,T3137_3,83
02,N2,T4079_3,49
03,N2,T4079_3,72
04,N2,T4079_3,58
08,N2,T4079_3,69
09,N2,T4079_3,78
10,N2,T4079_3,88
11,N2,T4079_3,50
13,N2,T4079_3,92
14,N2,T4079_3,29
15,N2,T4079_3,96
16,N2,T4079_3,88
17,N2,T4079_3,50
19,N2,T4079_3,101
20,N2,T4079_3,80
21,N2,T4079_3,90
23,N2,T4079_3,58
24,N2,T4079_3,108
25,N2,T4079_3,90
26,N2,T4079_3,27
27,N2,T4079_3,35
28,N2,T4079_3,100
29,N2,T4079_3,83
30,N2,T4079_3,122
31,N2,T4079_3,87
32,N2,T4079_3,59
33,N2,T4079_3,117
34,N2,T4079_3,58
35,N2,T4079_3,60
36,N2,T4079_3,41
37,N2,T4079_3,62
38,N2,T4079_3,82
02,N2,T5302_3,41
03,N2,T5302_3,74
04,N2,T5302_3,61
08,N2,T5302_3,69
09,N2,T5302_3,86
10,N2,T5302_3,83
11,N2,T5302_3,52
13,N2,T5302_3,87
14,N2,T5302_3,23
15,N2,T5302_3,93
16,N2,T5302_3,90
17,N2,T5302_3,52
19,N2,T5302_3,101
20,N2,T5302_3,82
21,N2,T5302_3,96
23,N2,T5302_3,62
24,N2,T5302_3,106
25,N2,T5302_3,94
26,N2,T5302_3,33
27,N2,T5302_3,37
28,N2,T5302_3,95
29,N2,T5302_3,72
30,N2,T5302_3,126
31,N2,T5302_3,93
32,N2,T5302_3,68
33,N2,T5302_3,123
34,N2,T5302_3,64
35,N2,T5302_3,64
36,N2,T5302_3,58
37,N2,T5302_3,56
38,N2,T5302_3,95
02,N2,T650_4,44
03,N2,T650_4,66
04,N2,T650_4,60
08,N2,T650_4,65
09,N2,T650_4,83
10,N2,T650_4,87
11,N2,T650_4,60
13,N2,T650_4,86
14,N2,T650_4,22
15,N2,T650_4,94
16,N2,T650_4,92
17,N2,T650_4,50
19,N2,T650_4,93
20,N2,T650_4,82
21,N2,T650_4,91
23,N2,T650_4,67
24,N2,T650_4,104
25,N2,T650_4,82
26,N2,T650_4,27
27,N2,T650_4,33
28,N2,T650_4,100
29,N2,T650_4,79
30,N2,T650_4,118
31,N2,T650_4,89
32,N2,T650_4,64
33,N2,T650_4,120
34,N2,T650_4,64
35,N2,T650_4,66
36,N2,T650_4,55
37,N2,T650_4,61
38,N2,T650_4,88
02,N2,T845_4,45
03,N2,T845_4,69
04,N2,T845_4,63
08,N2,T845_4,71
09,N2,T845_4,82
10,N2,T845_4,83
11,N2,T845_4,55
13,N2,T845_4,87
14,N2,T845_4,26
15,N2,T845_4,92
16,N2,T845_4,91
17,N2,T845_4,53
19,N2,T845_4,100
20,N2,T845_4,85
21,N2,T845_4,94
23,N2,T845_4,65
24,N2,T845_4,113
25,N2,T845_4,93
26,N2,T845_4,31
27,N2,T845_4,38
28,N2,T845_4,95
29,N2,T845_4,74
30,N2,T845_4,117
31,N2,T845_4,84
32,N2,T845_4,68
33,N2,T845_4,116
34,N2,T845_4,61
35,N2,T845_4,64
36,N2,T845_4,55
37,N2,T845_4,55
38,N2,T845_4,88
02,N2,T1098_4,52
03,N2,T1098_4,73
04,N2,T1098_4,58
08,N2,T1098_4,65
09,N2,T1098_4,84
10,N2,T1098_4,80
11,N2,T1098_4,59
13,N2,T1098_4,89
14,N2,T1098_4,24
15,N2,T1098_4,93
16,N2,T1098_4,92
17,N2,T1098_4,54
19,N2,T1098_4,107
20,N2,T1098_4,78
21,N2,T1098_4,95
23,N2,T1098_4,65
24,N2,T1098_4,106
25,N2,T1098_4,88
26,N2,T1098_4,34
27,N2,T1098_4,36
28,N2,T1098_4,99
29,N2,T1098_4,76
30,N2,T1098_4,124
31,N2,T1098_4,90
32,N2,T1098_4,66
33,N2,T1098_4,114
34,N2,T1098_4,59
35,N2,T1098_4,67
36,N2,T1098_4,56
37,N2,T1098_4,61
38,N2,T1098_4,91
02,N2,T1428_4,47
03,N2,T1428_4,78
04,N2,T1428_4,57
08,N2,T1428_4,67
09,N2,T1428_4,84
10,N2,T1428_4,83
11,N2,T1428_4,56
13,N2,T1428_4,89
14,N2,T1428_4,29
15,N2,T1428_4,94
16,N2,T1428_4,86
17,N2,T1428_4,51
19,N2,T1428_4,100
20,N2,T1428_4,86
21,N2,T1428_4,86
23,N2,T1428_4,63
24,N2,T1428_4,113
25,N2,T1428_4,88
26,N2,T1428_4,35
27,N2,T1428_4,36
28,N2,T1428_4,93
29,N2,T1428_4,74
30,N2,T1428_4,120
31,N2,T1428_4,88
32,N2,T1428_4,65
33,N2,T1428_4,107
34,N2,T1428_4,51
35,N2,T1428_4,67
36,N2,T1428_4,59
37,N2,T1428_4,60
38,N2,T1428_4,94
02,N2,T1856_4,49
03,N2,T1856_4,66
04,N2,T1856_4,57
08,N2,T1856_4,68
09,N2,T1856_4,84
10,N2,T1856_4,83
11,N2,T1856_4,59
13,N2,T1856_4,86
14,N2,T1856_4,29
15,N2,T1856_4,94
16,N2,T1856_4,92
17,N2,T1856_4,60
19,N2,T1856_4,96
20,N2,T1856_4,84
21,N2,T1856_4,86
23,N2,T1856_4,65
24,N2,T1856_4,112
25,N2,T1856_4,90
26,N2,T1856_4,32
27,N2,T1856_4,31
28,N2,T1856_4,94
29,N2,T1856_4,76
30,N2,T1856_4,117
31,N2,T1856_4,90
32,N2,T1856_4,66
33,N2,T1856_4,112
34,N2,T1856_4,59
35,N2,T1856_4,67
36,N2,T1856_4,54
37,N2,T1856_4,60
38,N2,T1856_4,92
02,N2,T2413_4,48
03,N2,T2413_4,73
04,N2,T2413_4,57
08,N2,T2413_4,67
09,N2,T2413_4,82
10,N2,T2413_4,82
11,N2,T2413_4,53
13,N2,T2413_4,87
14,N2,T2413_4,27
15,N2,T2413_4,94
16,N2,T2413_4,81
17,N2,T2413_4,56
19,N2,T2413_4,93
20,N2,T2413_4,81
21,N2,T2413_4,96
23,N2,T2413_4,63
24,N2,T2413_4,110
25,N2,T2413_4,88
26,N2,T2413_4,26
27,N2,T2413_4,38
28,N2,T2413_4,97
29,N2,T2413_4,77
30,N2,T2413_4,123
31,N2,T2413_4,87
32,N2,T2413_4,65
33,N2,T2413_4,121
34,N2,T2413_4,56
35,N2,T2413_4,65
36,N2,T2413_4,56
37,N2,T2413_4,62
38,N2,T2413_4,83
02,N2,T3137_4,52
03,N2,T3137_4,77
04,N2,T3137_4,60
08,N2,T3137_4,66
09,N2,T3137_4,82
10,N2,T3137_4,79
11,N2,T3137_4,57
13,N2,T3137_4,78
14,N2,T3137_4,31
15,N2,T3137_4,97
16,N2,T3137_4,90
17,N2,T3137_4,49
19,N2,T3137_4,94
20,N2,T3137_4,80
21,N2,T3137_4,85
23,N2,T3137_4,59
24,N2,T3137_4,111
25,N2,T3137_4,90
26,N2,T3137_4,28
27,N2,T3137_4,33
28,N2,T3137_4,97
29,N2,T3137_4,74
30,N2,T3137_4,117
31,N2,T3137_4,89
32,N2,T3137_4,60
33,N2,T3137_4,116
34,N2,T3137_4,54
35,N2,T3137_4,66
36,N2,T3137_4,48
37,N2,T3137_4,58
38,N2,T3137_4,86
02,N2,T4079_4,46
03,N2,T4079_4,72
04,N2,T4079_4,59
08,N2,T4079_4,70
09,N2,T4079_4,78
10,N2,T4079_4,89
11,N2,T4079_4,54
13,N2,T4079_4,92
14,N2,T4079_4,31
15,N2,T4079_4,96
16,N2,T4079_4,87
17,N2,T4079_4,46
19,N2,T4079_4,101
20,N2,T4079_4,85
21,N2,T4079_4,90
23,N2,T4079_4,56
24,N2,T4079_4,109
25,N2,T4079_4,88
26,N2,T4079_4,28
27,N2,T4079_4,39
28,N2,T4079_4,96
29,N2,T4079_4,83
30,N2,T4079_4,123
31,N2,T4079_4,87
32,N2,T4079_4,60
33,N2,T4079_4,118
34,N2,T4079_4,59
35,N2,T4079_4,60
36,N2,T4079_4,40
37,N2,T4079_4,64
38,N2,T4079_4,83
02,N2,T5302_4,42
03,N2,T5302_4,73
04,N2,T5302_4,61
08,N2,T5302_4,69
09,N2,T5302_4,85
10,N2,T5302_4,83
11,N2,T5302_4,52
13,N2,T5302_4,90
14,N2,T5302_4,22
15,N2,T5302_4,93
16,N2,T5302_4,91
17,N2,T5302_4,52
19,N2,T5302_4,97
20,N2,T5302_4,81
21,N2,T5302_4,95
23,N2,T5302_4,60
24,N2,T5302_4,105
25,N2,T5302_4,94
26,N2,T5302_4,33
27,N2,T5302_4,36
28,N2,T5302_4,97
29,N2,T5302_4,72
30,N2,T5302_4,126
31,N2,T5302_4,93
32,N2,T5302_4,68
33,N2,T5302_4,121
34,N2,T5302_4,63
35,N2,T5302_4,64
36,N2,T5302_4,58
37,N2,T5302_4,58
38,N2,T5302_4,97
02,N2EliwJKc,T650_1,0
03,N2EliwJKc,T650_1,2
04,N2EliwJKc,T650_1,2
08,N2EliwJKc,T650_1,2
09,N2EliwJKc,T650_1,3
10,N2EliwJKc,T650_1,2
11,N2EliwJKc,T650_1,3
13,N2EliwJKc,T650_1,0
14,N2EliwJKc,T650_1,0
15,N2EliwJKc,T650_1,5
16,N2EliwJKc,T650_1,4
17,N2EliwJKc,T650_1,0
19,N2EliwJKc,T650_1,0
20,N2EliwJKc,T650_1,0
21,N2EliwJKc,T650_1,0
23,N2EliwJKc,T650_1,4
24,N2EliwJKc,T650_1,0
25,N2EliwJKc,T650_1,0
26,N2EliwJKc,T650_1,0
27,N2EliwJKc,T650_1,0
28,N2EliwJKc,T650_1,5
29,N2EliwJKc,T650_1,3
30,N2EliwJKc,T650_1,6
31,N2EliwJKc,T650_1,2
32,N2EliwJKc,T650_1,3
33,N2EliwJKc,T650_1,5
34,N2EliwJKc,T650_1,4
35,N2EliwJKc,T650_1,0
36,N2EliwJKc,T650_1,0
37,N2EliwJKc,T650_1,0
38,N2EliwJKc,T650_1,3
02,N2EliwJKc,T845_1,2
03,N2EliwJKc,T845_1,2
04,N2EliwJKc,T845_1,3
08,N2EliwJKc,T845_1,7
09,N2EliwJKc,T845_1,6
10,N2EliwJKc,T845_1,4
11,N2EliwJKc,T845_1,3
13,N2EliwJKc,T845_1,8
14,N2EliwJKc,T845_1,0
15,N2EliwJKc,T845_1,4
16,N2EliwJKc,T845_1,9
17,N2EliwJKc,T845_1,4
19,N2EliwJKc,T845_1,3
20,N2EliwJKc,T845_1,0
21,N2EliwJKc,T845_1,0
23,N2EliwJKc,T845_1,0
24,N2EliwJKc,T845_1,2
25,N2EliwJKc,T845_1,3
26,N2EliwJKc,T845_1,2
27,N2EliwJKc,T845_1,0
28,N2EliwJKc,T845_1,5
29,N2EliwJKc,T845_1,2
30,N2EliwJKc,T845_1,4
31,N2EliwJKc,T845_1,0
32,N2EliwJKc,T845_1,7
33,N2EliwJKc,T845_1,5
34,N2EliwJKc,T845_1,5
35,N2EliwJKc,T845_1,8
36,N2EliwJKc,T845_1,0
37,N2EliwJKc,T845_1,3
38,N2EliwJKc,T845_1,4
02,N2EliwJKc,T1098_1,2
03,N2EliwJKc,T1098_1,7
04,N2EliwJKc,T1098_1,0
08,N2EliwJKc,T1098_1,6
09,N2EliwJKc,T1098_1,8
10,N2EliwJKc,T1098_1,3
11,N2EliwJKc,T1098_1,4
13,N2EliwJKc,T1098_1,7
14,N2EliwJKc,T1098_1,0
15,N2EliwJKc,T1098_1,3
16,N2EliwJKc,T1098_1,11
17,N2EliwJKc,T1098_1,4
19,N2EliwJKc,T1098_1,2
20,N2EliwJKc,T1098_1,2
21,N2EliwJKc,T1098_1,3
23,N2EliwJKc,T1098_1,2
24,N2EliwJKc,T1098_1,4
25,N2EliwJKc,T1098_1,0
26,N2EliwJKc,T1098_1,0
27,N2EliwJKc,T1098_1,2
28,N2EliwJKc,T1098_1,6
29,N2EliwJKc,T1098_1,5
30,N2EliwJKc,T1098_1,5
31,N2EliwJKc,T1098_1,0
32,N2EliwJKc,T1098_1,2
33,N2EliwJKc,T1098_1,12
34,N2EliwJKc,T1098_1,7
35,N2EliwJKc,T1098_1,2
36,N2EliwJKc,T1098_1,2
37,N2EliwJKc,T1098_1,7
38,N2EliwJKc,T1098_1,9
02,N2EliwJKc,T1428_1,0
03,N2EliwJKc,T1428_1,3
04,N2EliwJKc,T1428_1,3
08,N2EliwJKc,T1428_1,11
09,N2EliwJKc,T1428_1,7
10,N2EliwJKc,T1428_1,9
11,N2EliwJKc,T1428_1,6
13,N2EliwJKc,T1428_1,6
14,N2EliwJKc,T1428_1,2
15,N2EliwJKc,T1428_1,4
16,N2EliwJKc,T1428_1,10
17,N2EliwJKc,T1428_1,5
19,N2EliwJKc,T1428_1,8
20,N2EliwJKc,T1428_1,3
21,N2EliwJKc,T1428_1,3
23,N2EliwJKc,T1428_1,2
24,N2EliwJKc,T1428_1,9
25,N2EliwJKc,T1428_1,1
26,N2EliwJKc,T1428_1,5
27,N2EliwJKc,T1428_1,2
28,N2EliwJKc,T1428_1,14
29,N2EliwJKc,T1428_1,9
30,N2EliwJKc,T1428_1,6
31,N2EliwJKc,T1428_1,7
32,N2EliwJKc,T1428_1,6
33,N2EliwJKc,T1428_1,9
34,N2EliwJKc,T1428_1,5
35,N2EliwJKc,T1428_1,4
36,N2EliwJKc,T1428_1,0
37,N2EliwJKc,T1428_1,0
38,N2EliwJKc,T1428_1,7
02,N2EliwJKc,T1856_1,0
03,N2EliwJKc,T1856_1,9
04,N2EliwJKc,T1856_1,0
08,N2EliwJKc,T1856_1,0
09,N2EliwJKc,T1856_1,3
10,N2EliwJKc,T1856_1,4
11,N2EliwJKc,T1856_1,7
13,N2EliwJKc,T1856_1,11
14,N2EliwJKc,T1856_1,2
15,N2EliwJKc,T1856_1,2
16,N2EliwJKc,T1856_1,4
17,N2EliwJKc,T1856_1,2
19,N2EliwJKc,T1856_1,6
20,N2EliwJKc,T1856_1,4
21,N2EliwJKc,T1856_1,10
23,N2EliwJKc,T1856_1,6
24,N2EliwJKc,T1856_1,8
25,N2EliwJKc,T1856_1,0
26,N2EliwJKc,T1856_1,5
27,N2EliwJKc,T1856_1,2
28,N2EliwJKc,T1856_1,11
29,N2EliwJKc,T1856_1,6
30,N2EliwJKc,T1856_1,3
31,N2EliwJKc,T1856_1,3
32,N2EliwJKc,T1856_1,14
33,N2EliwJKc,T1856_1,9
34,N2EliwJKc,T1856_1,4
35,N2EliwJKc,T1856_1,6
36,N2EliwJKc,T1856_1,4
37,N2EliwJKc,T1856_1,2
38,N2EliwJKc,T1856_1,0
02,N2EliwJKc,T2413_1,2
03,N2EliwJKc,T2413_1,8
04,N2EliwJKc,T2413_1,6
08,N2EliwJKc,T2413_1,4
09,N2EliwJKc,T2413_1,6
10,N2EliwJKc,T2413_1,9
11,N2EliwJKc,T2413_1,2
13,N2EliwJKc,T2413_1,8
14,N2EliwJKc,T2413_1,0
15,N2EliwJKc,T2413_1,4
16,N2EliwJKc,T2413_1,7
17,N2EliwJKc,T2413_1,3
19,N2EliwJKc,T2413_1,7
20,N2EliwJKc,T2413_1,0
21,N2EliwJKc,T2413_1,4
23,N2EliwJKc,T2413_1,5
24,N2EliwJKc,T2413_1,2
25,N2EliwJKc,T2413_1,8
26,N2EliwJKc,T2413_1,5
27,N2EliwJKc,T2413_1,0
28,N2EliwJKc,T2413_1,11
29,N2EliwJKc,T2413_1,5
30,N2EliwJKc,T2413_1,10
31,N2EliwJKc,T2413_1,0
32,N2EliwJKc,T2413_1,2
33,N2EliwJKc,T2413_1,13
34,N2EliwJKc,T2413_1,7
35,N2EliwJKc,T2413_1,7
36,N2EliwJKc,T2413_1,0
37,N2EliwJKc,T2413_1,0
38,N2EliwJKc,T2413_1,4
02,N2EliwJKc,T3137_1,2
03,N2EliwJKc,T3137_1,6
04,N2EliwJKc,T3137_1,6
08,N2EliwJKc,T3137_1,2
09,N2EliwJKc,T3137_1,5
10,N2EliwJKc,T3137_1,9
11,N2EliwJKc,T3137_1,2
13,N2EliwJKc,T3137_1,12
14,N2EliwJKc,T3137_1,2
15,N2EliwJKc,T3137_1,7
16,N2EliwJKc,T3137_1,11
17,N2EliwJKc,T3137_1,2
19,N2EliwJKc,T3137_1,6
20,N2EliwJKc,T3137_1,2
21,N2EliwJKc,T3137_1,8
23,N2EliwJKc,T3137_1,7
24,N2EliwJKc,T3137_1,10
25,N2EliwJKc,T3137_1,0
26,N2EliwJKc,T3137_1,2
27,N2EliwJKc,T3137_1,0
28,N2EliwJKc,T3137_1,24
29,N2EliwJKc,T3137_1,7
30,N2EliwJKc,T3137_1,15
31,N2EliwJKc,T3137_1,6
32,N2EliwJKc,T3137_1,0
33,N2EliwJKc,T3137_1,16
34,N2EliwJKc,T3137_1,8
35,N2EliwJKc,T3137_1,11
36,N2EliwJKc,T3137_1,5
37,N2EliwJKc,T3137_1,5
38,N2EliwJKc,T3137_1,12
02,N2EliwJKc,T4079_1,2
03,N2EliwJKc,T4079_1,10
04,N2EliwJKc,T4079_1,0
08,N2EliwJKc,T4079_1,2
09,N2EliwJKc,T4079_1,9
10,N2EliwJKc,T4079_1,5
11,N2EliwJKc,T4079_1,2
13,N2EliwJKc,T4079_1,10
14,N2EliwJKc,T4079_1,3
15,N2EliwJKc,T4079_1,3
16,N2EliwJKc,T4079_1,17
17,N2EliwJKc,T4079_1,4
19,N2EliwJKc,T4079_1,8
20,N2EliwJKc,T4079_1,8
21,N2EliwJKc,T4079_1,12
23,N2EliwJKc,T4079_1,3
24,N2EliwJKc,T4079_1,8
25,N2EliwJKc,T4079_1,4
26,N2EliwJKc,T4079_1,5
27,N2EliwJKc,T4079_1,2
28,N2EliwJKc,T4079_1,5
29,N2EliwJKc,T4079_1,7
30,N2EliwJKc,T4079_1,12
31,N2EliwJKc,T4079_1,7
32,N2EliwJKc,T4079_1,5
33,N2EliwJKc,T4079_1,9
34,N2EliwJKc,T4079_1,0
35,N2EliwJKc,T4079_1,4
36,N2EliwJKc,T4079_1,2
37,N2EliwJKc,T4079_1,2
38,N2EliwJKc,T4079_1,8
02,N2EliwJKc,T5302_1,0
03,N2EliwJKc,T5302_1,9
04,N2EliwJKc,T5302_1,2
08,N2EliwJKc,T5302_1,0
09,N2EliwJKc,T5302_1,9
10,N2EliwJKc,T5302_1,3
11,N2EliwJKc,T5302_1,5
13,N2EliwJKc,T5302_1,10
14,N2EliwJKc,T5302_1,0
15,N2EliwJKc,T5302_1,13
16,N2EliwJKc,T5302_1,8
17,N2EliwJKc,T5302_1,0
19,N2EliwJKc,T5302_1,9
20,N2EliwJKc,T5302_1,0
21,N2EliwJKc,T5302_1,11
23,N2EliwJKc,T5302_1,2
24,N2EliwJKc,T5302_1,8
25,N2EliwJKc,T5302_1,2
26,N2EliwJKc,T5302_1,0
27,N2EliwJKc,T5302_1,3
28,N2EliwJKc,T5302_1,7
29,N2EliwJKc,T5302_1,0
30,N2EliwJKc,T5302_1,4
31,N2EliwJKc,T5302_1,4
32,N2EliwJKc,T5302_1,2
33,N2EliwJKc,T5302_1,11
34,N2EliwJKc,T5302_1,8
35,N2EliwJKc,T5302_1,3
36,N2EliwJKc,T5302_1,5
37,N2EliwJKc,T5302_1,3
38,N2EliwJKc,T5302_1,3
02,N2EliwJKc,T650_2,2
03,N2EliwJKc,T650_2,3
04,N2EliwJKc,T650_2,2
08,N2EliwJKc,T650_2,0
09,N2EliwJKc,T650_2,6
10,N2EliwJKc,T650_2,4
11,N2EliwJKc,T650_2,2
13,N2EliwJKc,T650_2,0
14,N2EliwJKc,T650_2,0
15,N2EliwJKc,T650_2,0
16,N2EliwJKc,T650_2,3
17,N2EliwJKc,T650_2,3
19,N2EliwJKc,T650_2,2
20,N2EliwJKc,T650_2,2
21,N2EliwJKc,T650_2,2
23,N2EliwJKc,T650_2,3
24,N2EliwJKc,T650_2,0
25,N2EliwJKc,T650_2,0
26,N2EliwJKc,T650_2,0
27,N2EliwJKc,T650_2,0
28,N2EliwJKc,T650_2,2
29,N2EliwJKc,T650_2,5
30,N2EliwJKc,T650_2,2
31,N2EliwJKc,T650_2,5
32,N2EliwJKc,T650_2,3
33,N2EliwJKc,T650_2,2
34,N2EliwJKc,T650_2,0
35,N2EliwJKc,T650_2,8
36,N2EliwJKc,T650_2,2
37,N2EliwJKc,T650_2,2
38,N2EliwJKc,T650_2,5
02,N2EliwJKc,T845_2,2
03,N2EliwJKc,T845_2,5
04,N2EliwJKc,T845_2,4
08,N2EliwJKc,T845_2,0
09,N2EliwJKc,T845_2,0
10,N2EliwJKc,T845_2,0
11,N2EliwJKc,T845_2,0
13,N2EliwJKc,T845_2,8
14,N2EliwJKc,T845_2,0
15,N2EliwJKc,T845_2,6
16,N2EliwJKc,T845_2,4
17,N2EliwJKc,T845_2,3
19,N2EliwJKc,T845_2,5
20,N2EliwJKc,T845_2,0
21,N2EliwJKc,T845_2,0
23,N2EliwJKc,T845_2,0
24,N2EliwJKc,T845_2,4
25,N2EliwJKc,T845_2,2
26,N2EliwJKc,T845_2,2
27,N2EliwJKc,T845_2,0
28,N2EliwJKc,T845_2,6
29,N2EliwJKc,T845_2,2
30,N2EliwJKc,T845_2,2
31,N2EliwJKc,T845_2,0
32,N2EliwJKc,T845_2,0
33,N2EliwJKc,T845_2,6
34,N2EliwJKc,T845_2,2
35,N2EliwJKc,T845_2,2
36,N2EliwJKc,T845_2,0
37,N2EliwJKc,T845_2,3
38,N2EliwJKc,T845_2,4
02,N2EliwJKc,T1098_2,0
03,N2EliwJKc,T1098_2,3
04,N2EliwJKc,T1098_2,1
08,N2EliwJKc,T1098_2,2
09,N2EliwJKc,T1098_2,4
10,N2EliwJKc,T1098_2,3
11,N2EliwJKc,T1098_2,0
13,N2EliwJKc,T1098_2,4
14,N2EliwJKc,T1098_2,2
15,N2EliwJKc,T1098_2,4
16,N2EliwJKc,T1098_2,10
17,N2EliwJKc,T1098_2,3
19,N2EliwJKc,T1098_2,0
20,N2EliwJKc,T1098_2,0
21,N2EliwJKc,T1098_2,4
23,N2EliwJKc,T1098_2,0
24,N2EliwJKc,T1098_2,4
25,N2EliwJKc,T1098_2,2
26,N2EliwJKc,T1098_2,0
27,N2EliwJKc,T1098_2,0
28,N2EliwJKc,T1098_2,8
29,N2EliwJKc,T1098_2,5
30,N2EliwJKc,T1098_2,0
31,N2EliwJKc,T1098_2,0
32,N2EliwJKc,T1098_2,0
33,N2EliwJKc,T1098_2,8
34,N2EliwJKc,T1098_2,0
35,N2EliwJKc,T1098_2,0
36,N2EliwJKc,T1098_2,2
37,N2EliwJKc,T1098_2,3
38,N2EliwJKc,T1098_2,4
02,N2EliwJKc,T1428_2,0
03,N2EliwJKc,T1428_2,3
04,N2EliwJKc,T1428_2,0
08,N2EliwJKc,T1428_2,4
09,N2EliwJKc,T1428_2,5
10,N2EliwJKc,T1428_2,0
11,N2EliwJKc,T1428_2,2
13,N2EliwJKc,T1428_2,10
14,N2EliwJKc,T1428_2,0
15,N2EliwJKc,T1428_2,2
16,N2EliwJKc,T1428_2,5
17,N2EliwJKc,T1428_2,4
19,N2EliwJKc,T1428_2,9
20,N2EliwJKc,T1428_2,0
21,N2EliwJKc,T1428_2,3
23,N2EliwJKc,T1428_2,0
24,N2EliwJKc,T1428_2,2
25,N2EliwJKc,T1428_2,3
26,N2EliwJKc,T1428_2,2
27,N2EliwJKc,T1428_2,2
28,N2EliwJKc,T1428_2,5
29,N2EliwJKc,T1428_2,5
30,N2EliwJKc,T1428_2,0
31,N2EliwJKc,T1428_2,4
32,N2EliwJKc,T1428_2,7
33,N2EliwJKc,T1428_2,7
34,N2EliwJKc,T1428_2,2
35,N2EliwJKc,T1428_2,0
36,N2EliwJKc,T1428_2,2
37,N2EliwJKc,T1428_2,4
38,N2EliwJKc,T1428_2,8
02,N2EliwJKc,T1856_2,3
03,N2EliwJKc,T1856_2,0
04,N2EliwJKc,T1856_2,0
08,N2EliwJKc,T1856_2,2
09,N2EliwJKc,T1856_2,3
10,N2EliwJKc,T1856_2,0
11,N2EliwJKc,T1856_2,2
13,N2EliwJKc,T1856_2,10
14,N2EliwJKc,T1856_2,0
15,N2EliwJKc,T1856_2,2
16,N2EliwJKc,T1856_2,4
17,N2EliwJKc,T1856_2,0
19,N2EliwJKc,T1856_2,2
20,N2EliwJKc,T1856_2,0
21,N2EliwJKc,T1856_2,5
23,N2EliwJKc,T1856_2,0
24,N2EliwJKc,T1856_2,2
25,N2EliwJKc,T1856_2,6
26,N2EliwJKc,T1856_2,3
27,N2EliwJKc,T1856_2,0
28,N2EliwJKc,T1856_2,4
29,N2EliwJKc,T1856_2,5
30,N2EliwJKc,T1856_2,3
31,N2EliwJKc,T1856_2,0
32,N2EliwJKc,T1856_2,4
33,N2EliwJKc,T1856_2,3
34,N2EliwJKc,T1856_2,5
35,N2EliwJKc,T1856_2,0
36,N2EliwJKc,T1856_2,5
37,N2EliwJKc,T1856_2,3
38,N2EliwJKc,T1856_2,2
02,N2EliwJKc,T2413_2,0
03,N2EliwJKc,T2413_2,2
04,N2EliwJKc,T2413_2,0
08,N2EliwJKc,T2413_2,2
09,N2EliwJKc,T2413_2,2
10,N2EliwJKc,T2413_2,0
11,N2EliwJKc,T2413_2,4
13,N2EliwJKc,T2413_2,5
14,N2EliwJKc,T2413_2,0
15,N2EliwJKc,T2413_2,7
16,N2EliwJKc,T2413_2,0
17,N2EliwJKc,T2413_2,0
19,N2EliwJKc,T2413_2,3
20,N2EliwJKc,T2413_2,4
21,N2EliwJKc,T2413_2,2
23,N2EliwJKc,T2413_2,2
24,N2EliwJKc,T2413_2,7
25,N2EliwJKc,T2413_2,0
26,N2EliwJKc,T2413_2,0
27,N2EliwJKc,T2413_2,2
28,N2EliwJKc,T2413_2,4
29,N2EliwJKc,T2413_2,4
30,N2EliwJKc,T2413_2,2
31,N2EliwJKc,T2413_2,4
32,N2EliwJKc,T2413_2,0
33,N2EliwJKc,T2413_2,13
34,N2EliwJKc,T2413_2,2
35,N2EliwJKc,T2413_2,0
36,N2EliwJKc,T2413_2,0
37,N2EliwJKc,T2413_2,0
38,N2EliwJKc,T2413_2,3
02,N2EliwJKc,T3137_2,0
03,N2EliwJKc,T3137_2,3
04,N2EliwJKc,T3137_2,2
08,N2EliwJKc,T3137_2,0
09,N2EliwJKc,T3137_2,6
10,N2EliwJKc,T3137_2,2
11,N2EliwJKc,T3137_2,2
13,N2EliwJKc,T3137_2,6
14,N2EliwJKc,T3137_2,0
15,N2EliwJKc,T3137_2,5
16,N2EliwJKc,T3137_2,7
17,N2EliwJKc,T3137_2,0
19,N2EliwJKc,T3137_2,8
20,N2EliwJKc,T3137_2,2
21,N2EliwJKc,T3137_2,3
23,N2EliwJKc,T3137_2,2
24,N2EliwJKc,T3137_2,3
25,N2EliwJKc,T3137_2,0
26,N2EliwJKc,T3137_2,2
27,N2EliwJKc,T3137_2,3
28,N2EliwJKc,T3137_2,4
29,N2EliwJKc,T3137_2,4
30,N2EliwJKc,T3137_2,2
31,N2EliwJKc,T3137_2,0
32,N2EliwJKc,T3137_2,2
33,N2EliwJKc,T3137_2,5
34,N2EliwJKc,T3137_2,0
35,N2EliwJKc,T3137_2,2
36,N2EliwJKc,T3137_2,0
37,N2EliwJKc,T3137_2,3
38,N2EliwJKc,T3137_2,2
02,N2EliwJKc,T4079_2,2
03,N2EliwJKc,T4079_2,2
04,N2EliwJKc,T4079_2,7
08,N2EliwJKc,T4079_2,0
09,N2EliwJKc,T4079_2,0
10,N2EliwJKc,T4079_2,0
11,N2EliwJKc,T4079_2,4
13,N2EliwJKc,T4079_2,4
14,N2EliwJKc,T4079_2,2
15,N2EliwJKc,T4079_2,0
16,N2EliwJKc,T4079_2,10
17,N2EliwJKc,T4079_2,0
19,N2EliwJKc,T4079_2,4
20,N2EliwJKc,T4079_2,4
21,N2EliwJKc,T4079_2,6
23,N2EliwJKc,T4079_2,3
24,N2EliwJKc,T4079_2,6
25,N2EliwJKc,T4079_2,2
26,N2EliwJKc,T4079_2,2
27,N2EliwJKc,T4079_2,3
28,N2EliwJKc,T4079_2,0
29,N2EliwJKc,T4079_2,3
30,N2EliwJKc,T4079_2,2
31,N2EliwJKc,T4079_2,3
32,N2EliwJKc,T4079_2,3
33,N2EliwJKc,T4079_2,7
34,N2EliwJKc,T4079_2,2
35,N2EliwJKc,T4079_2,0
36,N2EliwJKc,T4079_2,2
37,N2EliwJKc,T4079_2,4
38,N2EliwJKc,T4079_2,0
02,N2EliwJKc,T5302_2,0
03,N2EliwJKc,T5302_2,2
04,N2EliwJKc,T5302_2,2
08,N2EliwJKc,T5302_2,2
09,N2EliwJKc,T5302_2,2
10,N2EliwJKc,T5302_2,2
11,N2EliwJKc,T5302_2,0
13,N2EliwJKc,T5302_2,6
14,N2EliwJKc,T5302_2,0
15,N2EliwJKc,T5302_2,4
16,N2EliwJKc,T5302_2,4
17,N2EliwJKc,T5302_2,2
19,N2EliwJKc,T5302_2,0
20,N2EliwJKc,T5302_2,5
21,N2EliwJKc,T5302_2,3
23,N2EliwJKc,T5302_2,2
24,N2EliwJKc,T5302_2,8
25,N2EliwJKc,T5302_2,4
26,N2EliwJKc,T5302_2,0
27,N2EliwJKc,T5302_2,0
28,N2EliwJKc,T5302_2,0
29,N2EliwJKc,T5302_2,0
30,N2EliwJKc,T5302_2,5
31,N2EliwJKc,T5302_2,2
32,N2EliwJKc,T5302_2,0
33,N2EliwJKc,T5302_2,4
34,N2EliwJKc,T5302_2,0
35,N2EliwJKc,T5302_2,0
36,N2EliwJKc,T5302_2,5
37,N2EliwJKc,T5302_2,2
38,N2EliwJKc,T5302_2,0
02,N2EliwJKc,T650_3,0
03,N2EliwJKc,T650_3,0
04,N2EliwJKc,T650_3,0
08,N2EliwJKc,T650_3,0
09,N2EliwJKc,T650_3,0
10,N2EliwJKc,T650_3,0
11,N2EliwJKc,T650_3,0
13,N2EliwJKc,T650_3,2
14,N2EliwJKc,T650_3,0
15,N2EliwJKc,T650_3,2
16,N2EliwJKc,T650_3,0
17,N2EliwJKc,T650_3,0
19,N2EliwJKc,T650_3,2
20,N2EliwJKc,T650_3,0
21,N2EliwJKc,T650_3,2
23,N2EliwJKc,T650_3,5
24,N2EliwJKc,T650_3,0
25,N2EliwJKc,T650_3,0
26,N2EliwJKc,T650_3,0
27,N2EliwJKc,T650_3,0
28,N2EliwJKc,T650_3,0
29,N2EliwJKc,T650_3,2
30,N2EliwJKc,T650_3,0
31,N2EliwJKc,T650_3,0
32,N2EliwJKc,T650_3,3
33,N2EliwJKc,T650_3,3
34,N2EliwJKc,T650_3,6
35,N2EliwJKc,T650_3,0
36,N2EliwJKc,T650_3,2
37,N2EliwJKc,T650_3,0
38,N2EliwJKc,T650_3,0
02,N2EliwJKc,T845_3,0
03,N2EliwJKc,T845_3,0
04,N2EliwJKc,T845_3,4
08,N2EliwJKc,T845_3,0
09,N2EliwJKc,T845_3,5
10,N2EliwJKc,T845_3,0
11,N2EliwJKc,T845_3,4
13,N2EliwJKc,T845_3,3
14,N2EliwJKc,T845_3,0
15,N2EliwJKc,T845_3,0
16,N2EliwJKc,T845_3,0
17,N2EliwJKc,T845_3,0
19,N2EliwJKc,T845_3,3
20,N2EliwJKc,T845_3,2
21,N2EliwJKc,T845_3,0
23,N2EliwJKc,T845_3,4
24,N2EliwJKc,T845_3,2
25,N2EliwJKc,T845_3,0
26,N2EliwJKc,T845_3,0
27,N2EliwJKc,T845_3,0
28,N2EliwJKc,T845_3,5
29,N2EliwJKc,T845_3,6
30,N2EliwJKc,T845_3,0
31,N2EliwJKc,T845_3,4
32,N2EliwJKc,T845_3,4
33,N2EliwJKc,T845_3,5
34,N2EliwJKc,T845_3,2
35,N2EliwJKc,T845_3,0
36,N2EliwJKc,T845_3,0
37,N2EliwJKc,T845_3,2
38,N2EliwJKc,T845_3,4
02,N2EliwJKc,T1098_3,0
03,N2EliwJKc,T1098_3,3
04,N2EliwJKc,T1098_3,4
08,N2EliwJKc,T1098_3,0
09,N2EliwJKc,T1098_3,0
10,N2EliwJKc,T1098_3,2
11,N2EliwJKc,T1098_3,0
13,N2EliwJKc,T1098_3,2
14,N2EliwJKc,T1098_3,0
15,N2EliwJKc,T1098_3,3
16,N2EliwJKc,T1098_3,0
17,N2EliwJKc,T1098_3,0
19,N2EliwJKc,T1098_3,0
20,N2EliwJKc,T1098_3,2
21,N2EliwJKc,T1098_3,6
23,N2EliwJKc,T1098_3,0
24,N2EliwJKc,T1098_3,5
25,N2EliwJKc,T1098_3,0
26,N2EliwJKc,T1098_3,0
27,N2EliwJKc,T1098_3,0
28,N2EliwJKc,T1098_3,5
29,N2EliwJKc,T1098_3,2
30,N2EliwJKc,T1098_3,2
31,N2EliwJKc,T1098_3,2
32,N2EliwJKc,T1098_3,2
33,N2EliwJKc,T1098_3,4
34,N2EliwJKc,T1098_3,2
35,N2EliwJKc,T1098_3,0
36,N2EliwJKc,T1098_3,0
37,N2EliwJKc,T1098_3,2
38,N2EliwJKc,T1098_3,5
02,N2EliwJKc,T1428_3,0
03,N2EliwJKc,T1428_3,4
04,N2EliwJKc,T1428_3,1
08,N2EliwJKc,T1428_3,0
09,N2EliwJKc,T1428_3,0
10,N2EliwJKc,T1428_3,6
11,N2EliwJKc,T1428_3,2
13,N2EliwJKc,T1428_3,3
14,N2EliwJKc,T1428_3,0
15,N2EliwJKc,T1428_3,2
16,N2EliwJKc,T1428_3,2
17,N2EliwJKc,T1428_3,0
19,N2EliwJKc,T1428_3,2
20,N2EliwJKc,T1428_3,3
21,N2EliwJKc,T1428_3,2
23,N2EliwJKc,T1428_3,3
24,N2EliwJKc,T1428_3,2
25,N2EliwJKc,T1428_3,0
26,N2EliwJKc,T1428_3,0
27,N2EliwJKc,T1428_3,0
28,N2EliwJKc,T1428_3,0
29,N2EliwJKc,T1428_3,2
30,N2EliwJKc,T1428_3,2
31,N2EliwJKc,T1428_3,0
32,N2EliwJKc,T1428_3,3
33,N2EliwJKc,T1428_3,9
34,N2EliwJKc,T1428_3,2
35,N2EliwJKc,T1428_3,4
36,N2EliwJKc,T1428_3,0
37,N2EliwJKc,T1428_3,0
38,N2EliwJKc,T1428_3,5
02,N2EliwJKc,T1856_3,0
03,N2EliwJKc,T1856_3,3
04,N2EliwJKc,T1856_3,0
08,N2EliwJKc,T1856_3,0
09,N2EliwJKc,T1856_3,5
10,N2EliwJKc,T1856_3,3
11,N2EliwJKc,T1856_3,9
13,N2EliwJKc,T1856_3,5
14,N2EliwJKc,T1856_3,0
15,N2EliwJKc,T1856_3,3
16,N2EliwJKc,T1856_3,5
17,N2EliwJKc,T1856_3,0
19,N2EliwJKc,T1856_3,2
20,N2EliwJKc,T1856_3,2
21,N2EliwJKc,T1856_3,0
23,N2EliwJKc,T1856_3,0
24,N2EliwJKc,T1856_3,7
25,N2EliwJKc,T1856_3,6
26,N2EliwJKc,T1856_3,0
27,N2EliwJKc,T1856_3,0
28,N2EliwJKc,T1856_3,8
29,N2EliwJKc,T1856_3,5
30,N2EliwJKc,T1856_3,2
31,N2EliwJKc,T1856_3,2
32,N2EliwJKc,T1856_3,2
33,N2EliwJKc,T1856_3,5
34,N2EliwJKc,T1856_3,2
35,N2EliwJKc,T1856_3,0
36,N2EliwJKc,T1856_3,0
37,N2EliwJKc,T1856_3,0
38,N2EliwJKc,T1856_3,7
02,N2EliwJKc,T2413_3,0
03,N2EliwJKc,T2413_3,0
04,N2EliwJKc,T2413_3,0
08,N2EliwJKc,T2413_3,0
09,N2EliwJKc,T2413_3,2
10,N2EliwJKc,T2413_3,4
11,N2EliwJKc,T2413_3,0
13,N2EliwJKc,T2413_3,2
14,N2EliwJKc,T2413_3,0
15,N2EliwJKc,T2413_3,5
16,N2EliwJKc,T2413_3,0
17,N2EliwJKc,T2413_3,2
19,N2EliwJKc,T2413_3,6
20,N2EliwJKc,T2413_3,2
21,N2EliwJKc,T2413_3,0
23,N2EliwJKc,T2413_3,2
24,N2EliwJKc,T2413_3,2
25,N2EliwJKc,T2413_3,0
26,N2EliwJKc,T2413_3,0
27,N2EliwJKc,T2413_3,4
28,N2EliwJKc,T2413_3,2
29,N2EliwJKc,T2413_3,5
30,N2EliwJKc,T2413_3,0
31,N2EliwJKc,T2413_3,0
32,N2EliwJKc,T2413_3,3
33,N2EliwJKc,T2413_3,7
34,N2EliwJKc,T2413_3,0
35,N2EliwJKc,T2413_3,0
36,N2EliwJKc,T2413_3,0
37,N2EliwJKc,T2413_3,0
38,N2EliwJKc,T2413_3,3
02,N2EliwJKc,T3137_3,3
03,N2EliwJKc,T3137_3,4
04,N2EliwJKc,T3137_3,0
08,N2EliwJKc,T3137_3,0
09,N2EliwJKc,T3137_3,2
10,N2EliwJKc,T3137_3,4
11,N2EliwJKc,T3137_3,2
13,N2EliwJKc,T3137_3,5
14,N2EliwJKc,T3137_3,0
15,N2EliwJKc,T3137_3,2
16,N2EliwJKc,T3137_3,3
17,N2EliwJKc,T3137_3,2
19,N2EliwJKc,T3137_3,0
20,N2EliwJKc,T3137_3,3
21,N2EliwJKc,T3137_3,3
23,N2EliwJKc,T3137_3,0
24,N2EliwJKc,T3137_3,2
25,N2EliwJKc,T3137_3,4
26,N2EliwJKc,T3137_3,0
27,N2EliwJKc,T3137_3,0
28,N2EliwJKc,T3137_3,0
29,N2EliwJKc,T3137_3,4
30,N2EliwJKc,T3137_3,7
31,N2EliwJKc,T3137_3,0
32,N2EliwJKc,T3137_3,0
33,N2EliwJKc,T3137_3,9
34,N2EliwJKc,T3137_3,3
35,N2EliwJKc,T3137_3,0
36,N2EliwJKc,T3137_3,0
37,N2EliwJKc,T3137_3,2
38,N2EliwJKc,T3137_3,0
02,N2EliwJKc,T4079_3,0
03,N2EliwJKc,T4079_3,0
04,N2EliwJKc,T4079_3,0
08,N2EliwJKc,T4079_3,0
09,N2EliwJKc,T4079_3,5
10,N2EliwJKc,T4079_3,3
11,N2EliwJKc,T4079_3,5
13,N2EliwJKc,T4079_3,6
14,N2EliwJKc,T4079_3,0
15,N2EliwJKc,T4079_3,0
16,N2EliwJKc,T4079_3,5
17,N2EliwJKc,T4079_3,2
19,N2EliwJKc,T4079_3,2
20,N2EliwJKc,T4079_3,3
21,N2EliwJKc,T4079_3,2
23,N2EliwJKc,T4079_3,4
24,N2EliwJKc,T4079_3,2
25,N2EliwJKc,T4079_3,2
26,N2EliwJKc,T4079_3,0
27,N2EliwJKc,T4079_3,0
28,N2EliwJKc,T4079_3,2
29,N2EliwJKc,T4079_3,2
30,N2EliwJKc,T4079_3,2
31,N2EliwJKc,T4079_3,2
32,N2EliwJKc,T4079_3,2
33,N2EliwJKc,T4079_3,4
34,N2EliwJKc,T4079_3,3
35,N2EliwJKc,T4079_3,0
36,N2EliwJKc,T4079_3,2
37,N2EliwJKc,T4079_3,2
38,N2EliwJKc,T4079_3,4
02,N2EliwJKc,T5302_3,0
03,N2EliwJKc,T5302_3,2
04,N2EliwJKc,T5302_3,0
08,N2EliwJKc,T5302_3,0
09,N2EliwJKc,T5302_3,0
10,N2EliwJKc,T5302_3,0
11,N2EliwJKc,T5302_3,2
13,N2EliwJKc,T5302_3,3
14,N2EliwJKc,T5302_3,0
15,N2EliwJKc,T5302_3,2
16,N2EliwJKc,T5302_3,3
17,N2EliwJKc,T5302_3,3
19,N2EliwJKc,T5302_3,6
20,N2EliwJKc,T5302_3,2
21,N2EliwJKc,T5302_3,2
23,N2EliwJKc,T5302_3,0
24,N2EliwJKc,T5302_3,4
25,N2EliwJKc,T5302_3,0
26,N2EliwJKc,T5302_3,0
27,N2EliwJKc,T5302_3,0
28,N2EliwJKc,T5302_3,0
29,N2EliwJKc,T5302_3,3
30,N2EliwJKc,T5302_3,2
31,N2EliwJKc,T5302_3,0
32,N2EliwJKc,T5302_3,2
33,N2EliwJKc,T5302_3,6
34,N2EliwJKc,T5302_3,2
35,N2EliwJKc,T5302_3,2
36,N2EliwJKc,T5302_3,0
37,N2EliwJKc,T5302_3,2
38,N2EliwJKc,T5302_3,7
02,N2EliwJKc,T650_4,0
03,N2EliwJKc,T650_4,4
04,N2EliwJKc,T650_4,0
08,N2EliwJKc,T650_4,2
09,N2EliwJKc,T650_4,0
10,N2EliwJKc,T650_4,0
11,N2EliwJKc,T650_4,2
13,N2EliwJKc,T650_4,7
14,N2EliwJKc,T650_4,0
15,N2EliwJKc,T650_4,3
16,N2EliwJKc,T650_4,2
17,N2EliwJKc,T650_4,0
19,N2EliwJKc,T650_4,2
20,N2EliwJKc,T650_4,0
21,N2EliwJKc,T650_4,2
23,N2EliwJKc,T650_4,6
24,N2EliwJKc,T650_4,5
25,N2EliwJKc,T650_4,2
26,N2EliwJKc,T650_4,0
27,N2EliwJKc,T650_4,0
28,N2EliwJKc,T650_4,2
29,N2EliwJKc,T650_4,4
30,N2EliwJKc,T650_4,0
31,N2EliwJKc,T650_4,2
32,N2EliwJKc,T650_4,2
33,N2EliwJKc,T650_4,5
34,N2EliwJKc,T650_4,0
35,N2EliwJKc,T650_4,0
36,N2EliwJKc,T650_4,0
37,N2EliwJKc,T650_4,2
38,N2EliwJKc,T650_4,2
02,N2EliwJKc,T845_4,0
03,N2EliwJKc,T845_4,2
04,N2EliwJKc,T845_4,2
08,N2EliwJKc,T845_4,0
09,N2EliwJKc,T845_4,7
10,N2EliwJKc,T845_4,2
11,N2EliwJKc,T845_4,5
13,N2EliwJKc,T845_4,4
14,N2EliwJKc,T845_4,2
15,N2EliwJKc,T845_4,0
16,N2EliwJKc,T845_4,2
17,N2EliwJKc,T845_4,0
19,N2EliwJKc,T845_4,0
20,N2EliwJKc,T845_4,0
21,N2EliwJKc,T845_4,0
23,N2EliwJKc,T845_4,0
24,N2EliwJKc,T845_4,2
25,N2EliwJKc,T845_4,2
26,N2EliwJKc,T845_4,0
27,N2EliwJKc,T845_4,0
28,N2EliwJKc,T845_4,0
29,N2EliwJKc,T845_4,0
30,N2EliwJKc,T845_4,4
31,N2EliwJKc,T845_4,2
32,N2EliwJKc,T845_4,2
33,N2EliwJKc,T845_4,0
34,N2EliwJKc,T845_4,2
35,N2EliwJKc,T845_4,4
36,N2EliwJKc,T845_4,0
37,N2EliwJKc,T845_4,2
38,N2EliwJKc,T845_4,2
02,N2EliwJKc,T1098_4,0
03,N2EliwJKc,T1098_4,0
04,N2EliwJKc,T1098_4,0
08,N2EliwJKc,T1098_4,0
09,N2EliwJKc,T1098_4,6
10,N2EliwJKc,T1098_4,0
11,N2EliwJKc,T1098_4,2
13,N2EliwJKc,T1098_4,5
14,N2EliwJKc,T1098_4,0
15,N2EliwJKc,T1098_4,3
16,N2EliwJKc,T1098_4,2
17,N2EliwJKc,T1098_4,2
19,N2EliwJKc,T1098_4,2
20,N2EliwJKc,T1098_4,2
21,N2EliwJKc,T1098_4,0
23,N2EliwJKc,T1098_4,0
24,N2EliwJKc,T1098_4,2
25,N2EliwJKc,T1098_4,4
26,N2EliwJKc,T1098_4,0
27,N2EliwJKc,T1098_4,0
28,N2EliwJKc,T1098_4,0
29,N2EliwJKc,T1098_4,0
30,N2EliwJKc,T1098_4,2
31,N2EliwJKc,T1098_4,4
32,N2EliwJKc,T1098_4,2
33,N2EliwJKc,T1098_4,4
34,N2EliwJKc,T1098_4,3
35,N2EliwJKc,T1098_4,0
36,N2EliwJKc,T1098_4,2
37,N2EliwJKc,T1098_4,0
38,N2EliwJKc,T1098_4,6
02,N2EliwJKc,T1428_4,0
03,N2EliwJKc,T1428_4,5
04,N2EliwJKc,T1428_4,0
08,N2EliwJKc,T1428_4,0
09,N2EliwJKc,T1428_4,0
10,N2EliwJKc,T1428_4,3
11,N2EliwJKc,T1428_4,4
13,N2EliwJKc,T1428_4,2
14,N2EliwJKc,T1428_4,0
15,N2EliwJKc,T1428_4,0
16,N2EliwJKc,T1428_4,3
17,N2EliwJKc,T1428_4,3
19,N2EliwJKc,T1428_4,3
20,N2EliwJKc,T1428_4,4
21,N2EliwJKc,T1428_4,0
23,N2EliwJKc,T1428_4,2
24,N2EliwJKc,T1428_4,5
25,N2EliwJKc,T1428_4,3
26,N2EliwJKc,T1428_4,0
27,N2EliwJKc,T1428_4,0
28,N2EliwJKc,T1428_4,3
29,N2EliwJKc,T1428_4,2
30,N2EliwJKc,T1428_4,4
31,N2EliwJKc,T1428_4,2
32,N2EliwJKc,T1428_4,2
33,N2EliwJKc,T1428_4,5
34,N2EliwJKc,T1428_4,2
35,N2EliwJKc,T1428_4,0
36,N2EliwJKc,T1428_4,0
37,N2EliwJKc,T1428_4,5
38,N2EliwJKc,T1428_4,2
02,N2EliwJKc,T1856_4,0
03,N2EliwJKc,T1856_4,0
04,N2EliwJKc,T1856_4,0
08,N2EliwJKc,T1856_4,0
09,N2EliwJKc,T1856_4,7
10,N2EliwJKc,T1856_4,0
11,N2EliwJKc,T1856_4,0
13,N2EliwJKc,T1856_4,5
14,N2EliwJKc,T1856_4,0
15,N2EliwJKc,T1856_4,0
16,N2EliwJKc,T1856_4,0
17,N2EliwJKc,T1856_4,0
19,N2EliwJKc,T1856_4,0
20,N2EliwJKc,T1856_4,3
21,N2EliwJKc,T1856_4,4
23,N2EliwJKc,T1856_4,3
24,N2EliwJKc,T1856_4,2
25,N2EliwJKc,T1856_4,0
26,N2EliwJKc,T1856_4,0
27,N2EliwJKc,T1856_4,0
28,N2EliwJKc,T1856_4,2
29,N2EliwJKc,T1856_4,3
30,N2EliwJKc,T1856_4,3
31,N2EliwJKc,T1856_4,0
32,N2EliwJKc,T1856_4,0
33,N2EliwJKc,T1856_4,4
34,N2EliwJKc,T1856_4,3
35,N2EliwJKc,T1856_4,0
36,N2EliwJKc,T1856_4,2
37,N2EliwJKc,T1856_4,2
38,N2EliwJKc,T1856_4,2
02,N2EliwJKc,T2413_4,0
03,N2EliwJKc,T2413_4,3
04,N2EliwJKc,T2413_4,0
08,N2EliwJKc,T2413_4,2
09,N2EliwJKc,T2413_4,3
10,N2EliwJKc,T2413_4,3
11,N2EliwJKc,T2413_4,7
13,N2EliwJKc,T2413_4,2
14,N2EliwJKc,T2413_4,0
15,N2EliwJKc,T2413_4,2
16,N2EliwJKc,T2413_4,2
17,N2EliwJKc,T2413_4,0
19,N2EliwJKc,T2413_4,0
20,N2EliwJKc,T2413_4,2
21,N2EliwJKc,T2413_4,2
23,N2EliwJKc,T2413_4,5
24,N2EliwJKc,T2413_4,3
25,N2EliwJKc,T2413_4,0
26,N2EliwJKc,T2413_4,0
27,N2EliwJKc,T2413_4,0
28,N2EliwJKc,T2413_4,0
29,N2EliwJKc,T2413_4,4
30,N2EliwJKc,T2413_4,0
31,N2EliwJKc,T2413_4,0
32,N2EliwJKc,T2413_4,0
33,N2EliwJKc,T2413_4,2
34,N2EliwJKc,T2413_4,10
35,N2EliwJKc,T2413_4,2
36,N2EliwJKc,T2413_4,0
37,N2EliwJKc,T2413_4,0
38,N2EliwJKc,T2413_4,3
02,N2EliwJKc,T3137_4,0
03,N2EliwJKc,T3137_4,4
04,N2EliwJKc,T3137_4,0
08,N2EliwJKc,T3137_4,0
09,N2EliwJKc,T3137_4,5
10,N2EliwJKc,T3137_4,3
11,N2EliwJKc,T3137_4,2
13,N2EliwJKc,T3137_4,4
14,N2EliwJKc,T3137_4,3
15,N2EliwJKc,T3137_4,3
16,N2EliwJKc,T3137_4,5
17,N2EliwJKc,T3137_4,0
19,N2EliwJKc,T3137_4,0
20,N2EliwJKc,T3137_4,4
21,N2EliwJKc,T3137_4,2
23,N2EliwJKc,T3137_4,2
24,N2EliwJKc,T3137_4,2
25,N2EliwJKc,T3137_4,2
26,N2EliwJKc,T3137_4,0
27,N2EliwJKc,T3137_4,0
28,N2EliwJKc,T3137_4,6
29,N2EliwJKc,T3137_4,2
30,N2EliwJKc,T3137_4,2
31,N2EliwJKc,T3137_4,0
32,N2EliwJKc,T3137_4,2
33,N2EliwJKc,T3137_4,2
34,N2EliwJKc,T3137_4,2
35,N2EliwJKc,T3137_4,0
36,N2EliwJKc,T3137_4,0
37,N2EliwJKc,T3137_4,2
38,N2EliwJKc,T3137_4,2
02,N2EliwJKc,T4079_4,0
03,N2EliwJKc,T4079_4,4
04,N2EliwJKc,T4079_4,0
08,N2EliwJKc,T4079_4,0
09,N2EliwJKc,T4079_4,3
10,N2EliwJKc,T4079_4,0
11,N2EliwJKc,T4079_4,0
13,N2EliwJKc,T4079_4,4
14,N2EliwJKc,T4079_4,0
15,N2EliwJKc,T4079_4,0
16,N2EliwJKc,T4079_4,0
17,N2EliwJKc,T4079_4,3
19,N2EliwJKc,T4079_4,4
20,N2EliwJKc,T4079_4,0
21,N2EliwJKc,T4079_4,4
23,N2EliwJKc,T4079_4,0
24,N2EliwJKc,T4079_4,4
25,N2EliwJKc,T4079_4,4
26,N2EliwJKc,T4079_4,4
27,N2EliwJKc,T4079_4,2
28,N2EliwJKc,T4079_4,0
29,N2EliwJKc,T4079_4,0
30,N2EliwJKc,T4079_4,3
31,N2EliwJKc,T4079_4,0
32,N2EliwJKc,T4079_4,0
33,N2EliwJKc,T4079_4,2
34,N2EliwJKc,T4079_4,4
35,N2EliwJKc,T4079_4,0
36,N2EliwJKc,T4079_4,0
37,N2EliwJKc,T4079_4,0
38,N2EliwJKc,T4079_4,4
02,N2EliwJKc,T5302_4,0
03,N2EliwJKc,T5302_4,5
04,N2EliwJKc,T5302_4,2
08,N2EliwJKc,T5302_4,0
09,N2EliwJKc,T5302_4,9
10,N2EliwJKc,T5302_4,2
11,N2EliwJKc,T5302_4,2
13,N2EliwJKc,T5302_4,2
14,N2EliwJKc,T5302_4,2
15,N2EliwJKc,T5302_4,2
16,N2EliwJKc,T5302_4,2
17,N2EliwJKc,T5302_4,0
19,N2EliwJKc,T5302_4,3
20,N2EliwJKc,T5302_4,0
21,N2EliwJKc,T5302_4,2
23,N2EliwJKc,T5302_4,3
24,N2EliwJKc,T5302_4,2
25,N2EliwJKc,T5302_4,0
26,N2EliwJKc,T5302_4,2
27,N2EliwJKc,T5302_4,0
28,N2EliwJKc,T5302_4,2
29,N2EliwJKc,T5302_4,0
30,N2EliwJKc,T5302_4,3
31,N2EliwJKc,T5302_4,0
32,N2EliwJKc,T5302_4,2
33,N2EliwJKc,T5302_4,6
34,N2EliwJKc,T5302_4,0
35,N2EliwJKc,T5302_4,0
36,N2EliwJKc,T5302_4,0
37,N2EliwJKc,T5302_4,4
38,N2EliwJKc,T5302_4,2
02,N2EliwJSs,T650_1,4
03,N2EliwJSs,T650_1,17
04,N2EliwJSs,T650_1,8
08,N2EliwJSs,T650_1,2
09,N2EliwJSs,T650_1,9
10,N2EliwJSs,T650_1,12
11,N2EliwJSs,T650_1,2
13,N2EliwJSs,T650_1,10
14,N2EliwJSs,T650_1,2
15,N2EliwJSs,T650_1,7
16,N2EliwJSs,T650_1,0
17,N2EliwJSs,T650_1,13
19,N2EliwJSs,T650_1,23
20,N2EliwJSs,T650_1,12
21,N2EliwJSs,T650_1,18
23,N2EliwJSs,T650_1,10
24,N2EliwJSs,T650_1,23
25,N2EliwJSs,T650_1,14
26,N2EliwJSs,T650_1,0
27,N2EliwJSs,T650_1,2
28,N2EliwJSs,T650_1,27
29,N2EliwJSs,T650_1,11
30,N2EliwJSs,T650_1,11
31,N2EliwJSs,T650_1,11
32,N2EliwJSs,T650_1,9
33,N2EliwJSs,T650_1,13
34,N2EliwJSs,T650_1,0
35,N2EliwJSs,T650_1,0
36,N2EliwJSs,T650_1,10
37,N2EliwJSs,T650_1,6
38,N2EliwJSs,T650_1,10
02,N2EliwJSs,T845_1,6
03,N2EliwJSs,T845_1,8
04,N2EliwJSs,T845_1,8
08,N2EliwJSs,T845_1,2
09,N2EliwJSs,T845_1,6
10,N2EliwJSs,T845_1,9
11,N2EliwJSs,T845_1,2
13,N2EliwJSs,T845_1,5
14,N2EliwJSs,T845_1,0
15,N2EliwJSs,T845_1,15
16,N2EliwJSs,T845_1,0
17,N2EliwJSs,T845_1,8
19,N2EliwJSs,T845_1,25
20,N2EliwJSs,T845_1,17
21,N2EliwJSs,T845_1,13
23,N2EliwJSs,T845_1,12
24,N2EliwJSs,T845_1,23
25,N2EliwJSs,T845_1,10
26,N2EliwJSs,T845_1,2
27,N2EliwJSs,T845_1,4
28,N2EliwJSs,T845_1,18
29,N2EliwJSs,T845_1,9
30,N2EliwJSs,T845_1,11
31,N2EliwJSs,T845_1,14
32,N2EliwJSs,T845_1,7
33,N2EliwJSs,T845_1,15
34,N2EliwJSs,T845_1,0
35,N2EliwJSs,T845_1,2
36,N2EliwJSs,T845_1,7
37,N2EliwJSs,T845_1,7
38,N2EliwJSs,T845_1,7
02,N2EliwJSs,T1098_1,6
03,N2EliwJSs,T1098_1,8
04,N2EliwJSs,T1098_1,7
08,N2EliwJSs,T1098_1,4
09,N2EliwJSs,T1098_1,5
10,N2EliwJSs,T1098_1,10
11,N2EliwJSs,T1098_1,3
13,N2EliwJSs,T1098_1,14
14,N2EliwJSs,T1098_1,0
15,N2EliwJSs,T1098_1,10
16,N2EliwJSs,T1098_1,2
17,N2EliwJSs,T1098_1,12
19,N2EliwJSs,T1098_1,34
20,N2EliwJSs,T1098_1,16
21,N2EliwJSs,T1098_1,10
23,N2EliwJSs,T1098_1,11
24,N2EliwJSs,T1098_1,27
25,N2EliwJSs,T1098_1,22
26,N2EliwJSs,T1098_1,0
27,N2EliwJSs,T1098_1,2
28,N2EliwJSs,T1098_1,20
29,N2EliwJSs,T1098_1,9
30,N2EliwJSs,T1098_1,8
31,N2EliwJSs,T1098_1,16
32,N2EliwJSs,T1098_1,2
33,N2EliwJSs,T1098_1,14
34,N2EliwJSs,T1098_1,0
35,N2EliwJSs,T1098_1,2
36,N2EliwJSs,T1098_1,6
37,N2EliwJSs,T1098_1,4
38,N2EliwJSs,T1098_1,8
02,N2EliwJSs,T1428_1,8
03,N2EliwJSs,T1428_1,15
04,N2EliwJSs,T1428_1,6
08,N2EliwJSs,T1428_1,2
09,N2EliwJSs,T1428_1,11
10,N2EliwJSs,T1428_1,8
11,N2EliwJSs,T1428_1,0
13,N2EliwJSs,T1428_1,14
14,N2EliwJSs,T1428_1,0
15,N2EliwJSs,T1428_1,9
16,N2EliwJSs,T1428_1,2
17,N2EliwJSs,T1428_1,10
19,N2EliwJSs,T1428_1,23
20,N2EliwJSs,T1428_1,11
21,N2EliwJSs,T1428_1,12
23,N2EliwJSs,T1428_1,13
24,N2EliwJSs,T1428_1,16
25,N2EliwJSs,T1428_1,18
26,N2EliwJSs,T1428_1,0
27,N2EliwJSs,T1428_1,0
28,N2EliwJSs,T1428_1,13
29,N2EliwJSs,T1428_1,3
30,N2EliwJSs,T1428_1,11
31,N2EliwJSs,T1428_1,9
32,N2EliwJSs,T1428_1,7
33,N2EliwJSs,T1428_1,15
34,N2EliwJSs,T1428_1,0
35,N2EliwJSs,T1428_1,3
36,N2EliwJSs,T1428_1,15
37,N2EliwJSs,T1428_1,3
38,N2EliwJSs,T1428_1,17
02,N2EliwJSs,T1856_1,2
03,N2EliwJSs,T1856_1,7
04,N2EliwJSs,T1856_1,9
08,N2EliwJSs,T1856_1,0
09,N2EliwJSs,T1856_1,8
10,N2EliwJSs,T1856_1,6
11,N2EliwJSs,T1856_1,0
13,N2EliwJSs,T1856_1,13
14,N2EliwJSs,T1856_1,0
15,N2EliwJSs,T1856_1,11
16,N2EliwJSs,T1856_1,3
17,N2EliwJSs,T1856_1,14
19,N2EliwJSs,T1856_1,28
20,N2EliwJSs,T1856_1,17
21,N2EliwJSs,T1856_1,17
23,N2EliwJSs,T1856_1,11
24,N2EliwJSs,T1856_1,11
25,N2EliwJSs,T1856_1,14
26,N2EliwJSs,T1856_1,0
27,N2EliwJSs,T1856_1,0
28,N2EliwJSs,T1856_1,19
29,N2EliwJSs,T1856_1,4
30,N2EliwJSs,T1856_1,7
31,N2EliwJSs,T1856_1,4
32,N2EliwJSs,T1856_1,4
33,N2EliwJSs,T1856_1,14
34,N2EliwJSs,T1856_1,0
35,N2EliwJSs,T1856_1,5
36,N2EliwJSs,T1856_1,5
37,N2EliwJSs,T1856_1,12
38,N2EliwJSs,T1856_1,13
02,N2EliwJSs,T2413_1,6
03,N2EliwJSs,T2413_1,7
04,N2EliwJSs,T2413_1,5
08,N2EliwJSs,T2413_1,6
09,N2EliwJSs,T2413_1,11
10,N2EliwJSs,T2413_1,9
11,N2EliwJSs,T2413_1,0
13,N2EliwJSs,T2413_1,13
14,N2EliwJSs,T2413_1,2
15,N2EliwJSs,T2413_1,15
16,N2EliwJSs,T2413_1,0
17,N2EliwJSs,T2413_1,10
19,N2EliwJSs,T2413_1,21
20,N2EliwJSs,T2413_1,17
21,N2EliwJSs,T2413_1,15
23,N2EliwJSs,T2413_1,4
24,N2EliwJSs,T2413_1,16
25,N2EliwJSs,T2413_1,16
26,N2EliwJSs,T2413_1,2
27,N2EliwJSs,T2413_1,3
28,N2EliwJSs,T2413_1,18
29,N2EliwJSs,T2413_1,7
30,N2EliwJSs,T2413_1,16
31,N2EliwJSs,T2413_1,5
32,N2EliwJSs,T2413_1,0
33,N2EliwJSs,T2413_1,14
34,N2EliwJSs,T2413_1,0
35,N2EliwJSs,T2413_1,0
36,N2EliwJSs,T2413_1,6
37,N2EliwJSs,T2413_1,0
38,N2EliwJSs,T2413_1,5
02,N2EliwJSs,T3137_1,2
03,N2EliwJSs,T3137_1,6
04,N2EliwJSs,T3137_1,4
08,N2EliwJSs,T3137_1,0
09,N2EliwJSs,T3137_1,2
10,N2EliwJSs,T3137_1,5
11,N2EliwJSs,T3137_1,2
13,N2EliwJSs,T3137_1,8
14,N2EliwJSs,T3137_1,2
15,N2EliwJSs,T3137_1,7
16,N2EliwJSs,T3137_1,2
17,N2EliwJSs,T3137_1,8
19,N2EliwJSs,T3137_1,20
20,N2EliwJSs,T3137_1,14
21,N2EliwJSs,T3137_1,12
23,N2EliwJSs,T3137_1,3
24,N2EliwJSs,T3137_1,17
25,N2EliwJSs,T3137_1,17
26,N2EliwJSs,T3137_1,2
27,N2EliwJSs,T3137_1,3
28,N2EliwJSs,T3137_1,11
29,N2EliwJSs,T3137_1,4
30,N2EliwJSs,T3137_1,2
31,N2EliwJSs,T3137_1,7
32,N2EliwJSs,T3137_1,4
33,N2EliwJSs,T3137_1,10
34,N2EliwJSs,T3137_1,0
35,N2EliwJSs,T3137_1,0
36,N2EliwJSs,T3137_1,2
37,N2EliwJSs,T3137_1,4
38,N2EliwJSs,T3137_1,2
02,N2EliwJSs,T4079_1,5
03,N2EliwJSs,T4079_1,8
04,N2EliwJSs,T4079_1,7
08,N2EliwJSs,T4079_1,4
09,N2EliwJSs,T4079_1,4
10,N2EliwJSs,T4079_1,4
11,N2EliwJSs,T4079_1,0
13,N2EliwJSs,T4079_1,16
14,N2EliwJSs,T4079_1,0
15,N2EliwJSs,T4079_1,11
16,N2EliwJSs,T4079_1,0
17,N2EliwJSs,T4079_1,2
19,N2EliwJSs,T4079_1,14
20,N2EliwJSs,T4079_1,13
21,N2EliwJSs,T4079_1,10
23,N2EliwJSs,T4079_1,7
24,N2EliwJSs,T4079_1,20
25,N2EliwJSs,T4079_1,20
26,N2EliwJSs,T4079_1,3
27,N2EliwJSs,T4079_1,2
28,N2EliwJSs,T4079_1,16
29,N2EliwJSs,T4079_1,13
30,N2EliwJSs,T4079_1,6
31,N2EliwJSs,T4079_1,13
32,N2EliwJSs,T4079_1,0
33,N2EliwJSs,T4079_1,10
34,N2EliwJSs,T4079_1,0
35,N2EliwJSs,T4079_1,0
36,N2EliwJSs,T4079_1,0
37,N2EliwJSs,T4079_1,4
38,N2EliwJSs,T4079_1,12
02,N2EliwJSs,T5302_1,6
03,N2EliwJSs,T5302_1,8
04,N2EliwJSs,T5302_1,5
08,N2EliwJSs,T5302_1,2
09,N2EliwJSs,T5302_1,2
10,N2EliwJSs,T5302_1,3
11,N2EliwJSs,T5302_1,2
13,N2EliwJSs,T5302_1,11
14,N2EliwJSs,T5302_1,0
15,N2EliwJSs,T5302_1,6
16,N2EliwJSs,T5302_1,2
17,N2EliwJSs,T5302_1,14
19,N2EliwJSs,T5302_1,19
20,N2EliwJSs,T5302_1,16
21,N2EliwJSs,T5302_1,18
23,N2EliwJSs,T5302_1,8
24,N2EliwJSs,T5302_1,22
25,N2EliwJSs,T5302_1,17
26,N2EliwJSs,T5302_1,0
27,N2EliwJSs,T5302_1,0
28,N2EliwJSs,T5302_1,19
29,N2EliwJSs,T5302_1,5
30,N2EliwJSs,T5302_1,14
31,N2EliwJSs,T5302_1,9
32,N2EliwJSs,T5302_1,9
33,N2EliwJSs,T5302_1,11
34,N2EliwJSs,T5302_1,0
35,N2EliwJSs,T5302_1,2
36,N2EliwJSs,T5302_1,4
37,N2EliwJSs,T5302_1,10
38,N2EliwJSs,T5302_1,12
02,N2EliwJSs,T650_2,4
03,N2EliwJSs,T650_2,6
04,N2EliwJSs,T650_2,9
08,N2EliwJSs,T650_2,6
09,N2EliwJSs,T650_2,11
10,N2EliwJSs,T650_2,11
11,N2EliwJSs,T650_2,5
13,N2EliwJSs,T650_2,19
14,N2EliwJSs,T650_2,2
15,N2EliwJSs,T650_2,12
16,N2EliwJSs,T650_2,2
17,N2EliwJSs,T650_2,14
19,N2EliwJSs,T650_2,30
20,N2EliwJSs,T650_2,22
21,N2EliwJSs,T650_2,11
23,N2EliwJSs,T650_2,5
24,N2EliwJSs,T650_2,18
25,N2EliwJSs,T650_2,15
26,N2EliwJSs,T650_2,0
27,N2EliwJSs,T650_2,6
28,N2EliwJSs,T650_2,18
29,N2EliwJSs,T650_2,6
30,N2EliwJSs,T650_2,12
31,N2EliwJSs,T650_2,16
32,N2EliwJSs,T650_2,6
33,N2EliwJSs,T650_2,15
34,N2EliwJSs,T650_2,0
35,N2EliwJSs,T650_2,0
36,N2EliwJSs,T650_2,5
37,N2EliwJSs,T650_2,11
38,N2EliwJSs,T650_2,13
02,N2EliwJSs,T845_2,2
03,N2EliwJSs,T845_2,4
04,N2EliwJSs,T845_2,6
08,N2EliwJSs,T845_2,7
09,N2EliwJSs,T845_2,7
10,N2EliwJSs,T845_2,10
11,N2EliwJSs,T845_2,3
13,N2EliwJSs,T845_2,12
14,N2EliwJSs,T845_2,0
15,N2EliwJSs,T845_2,14
16,N2EliwJSs,T845_2,0
17,N2EliwJSs,T845_2,9
19,N2EliwJSs,T845_2,27
20,N2EliwJSs,T845_2,15
21,N2EliwJSs,T845_2,23
23,N2EliwJSs,T845_2,5
24,N2EliwJSs,T845_2,22
25,N2EliwJSs,T845_2,14
26,N2EliwJSs,T845_2,0
27,N2EliwJSs,T845_2,4
28,N2EliwJSs,T845_2,9
29,N2EliwJSs,T845_2,6
30,N2EliwJSs,T845_2,15
31,N2EliwJSs,T845_2,15
32,N2EliwJSs,T845_2,6
33,N2EliwJSs,T845_2,18
34,N2EliwJSs,T845_2,0
35,N2EliwJSs,T845_2,0
36,N2EliwJSs,T845_2,10
37,N2EliwJSs,T845_2,2
38,N2EliwJSs,T845_2,8
02,N2EliwJSs,T1098_2,3
03,N2EliwJSs,T1098_2,10
04,N2EliwJSs,T1098_2,11
08,N2EliwJSs,T1098_2,0
09,N2EliwJSs,T1098_2,6
10,N2EliwJSs,T1098_2,9
11,N2EliwJSs,T1098_2,7
13,N2EliwJSs,T1098_2,6
14,N2EliwJSs,T1098_2,0
15,N2EliwJSs,T1098_2,6
16,N2EliwJSs,T1098_2,2
17,N2EliwJSs,T1098_2,8
19,N2EliwJSs,T1098_2,27
20,N2EliwJSs,T1098_2,11
21,N2EliwJSs,T1098_2,14
23,N2EliwJSs,T1098_2,11
24,N2EliwJSs,T1098_2,20
25,N2EliwJSs,T1098_2,14
26,N2EliwJSs,T1098_2,0
27,N2EliwJSs,T1098_2,2
28,N2EliwJSs,T1098_2,4
29,N2EliwJSs,T1098_2,2
30,N2EliwJSs,T1098_2,13
31,N2EliwJSs,T1098_2,13
32,N2EliwJSs,T1098_2,4
33,N2EliwJSs,T1098_2,12
34,N2EliwJSs,T1098_2,0
35,N2EliwJSs,T1098_2,0
36,N2EliwJSs,T1098_2,11
37,N2EliwJSs,T1098_2,2
38,N2EliwJSs,T1098_2,11
02,N2EliwJSs,T1428_2,6
03,N2EliwJSs,T1428_2,7
04,N2EliwJSs,T1428_2,7
08,N2EliwJSs,T1428_2,3
09,N2EliwJSs,T1428_2,5
10,N2EliwJSs,T1428_2,6
11,N2EliwJSs,T1428_2,0
13,N2EliwJSs,T1428_2,7
14,N2EliwJSs,T1428_2,0
15,N2EliwJSs,T1428_2,9
16,N2EliwJSs,T1428_2,0
17,N2EliwJSs,T1428_2,10
19,N2EliwJSs,T1428_2,23
20,N2EliwJSs,T1428_2,18
21,N2EliwJSs,T1428_2,13
23,N2EliwJSs,T1428_2,6
24,N2EliwJSs,T1428_2,17
25,N2EliwJSs,T1428_2,17
26,N2EliwJSs,T1428_2,0
27,N2EliwJSs,T1428_2,0
28,N2EliwJSs,T1428_2,8
29,N2EliwJSs,T1428_2,6
30,N2EliwJSs,T1428_2,9
31,N2EliwJSs,T1428_2,14
32,N2EliwJSs,T1428_2,0
33,N2EliwJSs,T1428_2,5
34,N2EliwJSs,T1428_2,0
35,N2EliwJSs,T1428_2,0
36,N2EliwJSs,T1428_2,13
37,N2EliwJSs,T1428_2,5
38,N2EliwJSs,T1428_2,13
02,N2EliwJSs,T1856_2,4
03,N2EliwJSs,T1856_2,2
04,N2EliwJSs,T1856_2,2
08,N2EliwJSs,T1856_2,2
09,N2EliwJSs,T1856_2,7
10,N2EliwJSs,T1856_2,6
11,N2EliwJSs,T1856_2,3
13,N2EliwJSs,T1856_2,7
14,N2EliwJSs,T1856_2,0
15,N2EliwJSs,T1856_2,7
16,N2EliwJSs,T1856_2,2
17,N2EliwJSs,T1856_2,7
19,N2EliwJSs,T1856_2,22
20,N2EliwJSs,T1856_2,11
21,N2EliwJSs,T1856_2,11
23,N2EliwJSs,T1856_2,7
24,N2EliwJSs,T1856_2,18
25,N2EliwJSs,T1856_2,14
26,N2EliwJSs,T1856_2,2
27,N2EliwJSs,T1856_2,2
28,N2EliwJSs,T1856_2,17
29,N2EliwJSs,T1856_2,4
30,N2EliwJSs,T1856_2,11
31,N2EliwJSs,T1856_2,10
32,N2EliwJSs,T1856_2,3
33,N2EliwJSs,T1856_2,15
34,N2EliwJSs,T1856_2,2
35,N2EliwJSs,T1856_2,0
36,N2EliwJSs,T1856_2,12
37,N2EliwJSs,T1856_2,2
38,N2EliwJSs,T1856_2,15
02,N2EliwJSs,T2413_2,0
03,N2EliwJSs,T2413_2,0
04,N2EliwJSs,T2413_2,10
08,N2EliwJSs,T2413_2,3
09,N2EliwJSs,T2413_2,2
10,N2EliwJSs,T2413_2,7
11,N2EliwJSs,T2413_2,0
13,N2EliwJSs,T2413_2,9
14,N2EliwJSs,T2413_2,2
15,N2EliwJSs,T2413_2,8
16,N2EliwJSs,T2413_2,2
17,N2EliwJSs,T2413_2,7
19,N2EliwJSs,T2413_2,17
20,N2EliwJSs,T2413_2,11
21,N2EliwJSs,T2413_2,13
23,N2EliwJSs,T2413_2,7
24,N2EliwJSs,T2413_2,29
25,N2EliwJSs,T2413_2,13
26,N2EliwJSs,T2413_2,0
27,N2EliwJSs,T2413_2,0
28,N2EliwJSs,T2413_2,9
29,N2EliwJSs,T2413_2,2
30,N2EliwJSs,T2413_2,7
31,N2EliwJSs,T2413_2,17
32,N2EliwJSs,T2413_2,4
33,N2EliwJSs,T2413_2,10
34,N2EliwJSs,T2413_2,0
35,N2EliwJSs,T2413_2,0
36,N2EliwJSs,T2413_2,5
37,N2EliwJSs,T2413_2,2
38,N2EliwJSs,T2413_2,7
02,N2EliwJSs,T3137_2,0
03,N2EliwJSs,T3137_2,6
04,N2EliwJSs,T3137_2,6
08,N2EliwJSs,T3137_2,4
09,N2EliwJSs,T3137_2,4
10,N2EliwJSs,T3137_2,7
11,N2EliwJSs,T3137_2,2
13,N2EliwJSs,T3137_2,6
14,N2EliwJSs,T3137_2,2
15,N2EliwJSs,T3137_2,5
16,N2EliwJSs,T3137_2,0
17,N2EliwJSs,T3137_2,6
19,N2EliwJSs,T3137_2,19
20,N2EliwJSs,T3137_2,9
21,N2EliwJSs,T3137_2,3
23,N2EliwJSs,T3137_2,2
24,N2EliwJSs,T3137_2,16
25,N2EliwJSs,T3137_2,16
26,N2EliwJSs,T3137_2,0
27,N2EliwJSs,T3137_2,2
28,N2EliwJSs,T3137_2,2
29,N2EliwJSs,T3137_2,6
30,N2EliwJSs,T3137_2,3
31,N2EliwJSs,T3137_2,11
32,N2EliwJSs,T3137_2,5
33,N2EliwJSs,T3137_2,8
34,N2EliwJSs,T3137_2,0
35,N2EliwJSs,T3137_2,0
36,N2EliwJSs,T3137_2,8
37,N2EliwJSs,T3137_2,4
38,N2EliwJSs,T3137_2,10
02,N2EliwJSs,T4079_2,0
03,N2EliwJSs,T4079_2,9
04,N2EliwJSs,T4079_2,12
08,N2EliwJSs,T4079_2,7
09,N2EliwJSs,T4079_2,9
10,N2EliwJSs,T4079_2,7
11,N2EliwJSs,T4079_2,4
13,N2EliwJSs,T4079_2,3
14,N2EliwJSs,T4079_2,0
15,N2EliwJSs,T4079_2,8
16,N2EliwJSs,T4079_2,0
17,N2EliwJSs,T4079_2,5
19,N2EliwJSs,T4079_2,19
20,N2EliwJSs,T4079_2,10
21,N2EliwJSs,T4079_2,10
23,N2EliwJSs,T4079_2,5
24,N2EliwJSs,T4079_2,21
25,N2EliwJSs,T4079_2,15
26,N2EliwJSs,T4079_2,2
27,N2EliwJSs,T4079_2,0
28,N2EliwJSs,T4079_2,8
29,N2EliwJSs,T4079_2,3
30,N2EliwJSs,T4079_2,9
31,N2EliwJSs,T4079_2,10
32,N2EliwJSs,T4079_2,4
33,N2EliwJSs,T4079_2,9
34,N2EliwJSs,T4079_2,2
35,N2EliwJSs,T4079_2,3
36,N2EliwJSs,T4079_2,5
37,N2EliwJSs,T4079_2,2
38,N2EliwJSs,T4079_2,7
02,N2EliwJSs,T5302_2,5
03,N2EliwJSs,T5302_2,10
04,N2EliwJSs,T5302_2,6
08,N2EliwJSs,T5302_2,4
09,N2EliwJSs,T5302_2,8
10,N2EliwJSs,T5302_2,9
11,N2EliwJSs,T5302_2,2
13,N2EliwJSs,T5302_2,12
14,N2EliwJSs,T5302_2,0
15,N2EliwJSs,T5302_2,12
16,N2EliwJSs,T5302_2,0
17,N2EliwJSs,T5302_2,9
19,N2EliwJSs,T5302_2,14
20,N2EliwJSs,T5302_2,15
21,N2EliwJSs,T5302_2,10
23,N2EliwJSs,T5302_2,7
24,N2EliwJSs,T5302_2,16
25,N2EliwJSs,T5302_2,15
26,N2EliwJSs,T5302_2,0
27,N2EliwJSs,T5302_2,0
28,N2EliwJSs,T5302_2,13
29,N2EliwJSs,T5302_2,5
30,N2EliwJSs,T5302_2,17
31,N2EliwJSs,T5302_2,10
32,N2EliwJSs,T5302_2,4
33,N2EliwJSs,T5302_2,20
34,N2EliwJSs,T5302_2,4
35,N2EliwJSs,T5302_2,0
36,N2EliwJSs,T5302_2,11
37,N2EliwJSs,T5302_2,5
38,N2EliwJSs,T5302_2,12
02,N2EliwJSs,T650_3,7
03,N2EliwJSs,T650_3,7
04,N2EliwJSs,T650_3,7
08,N2EliwJSs,T650_3,2
09,N2EliwJSs,T650_3,4
10,N2EliwJSs,T650_3,20
11,N2EliwJSs,T650_3,7
13,N2EliwJSs,T650_3,16
14,N2EliwJSs,T650_3,0
15,N2EliwJSs,T650_3,9
16,N2EliwJSs,T650_3,0
17,N2EliwJSs,T650_3,9
19,N2EliwJSs,T650_3,33
20,N2EliwJSs,T650_3,16
21,N2EliwJSs,T650_3,17
23,N2EliwJSs,T650_3,7
24,N2EliwJSs,T650_3,19
25,N2EliwJSs,T650_3,8
26,N2EliwJSs,T650_3,0
27,N2EliwJSs,T650_3,2
28,N2EliwJSs,T650_3,19
29,N2EliwJSs,T650_3,7
30,N2EliwJSs,T650_3,20
31,N2EliwJSs,T650_3,16
32,N2EliwJSs,T650_3,4
33,N2EliwJSs,T650_3,18
34,N2EliwJSs,T650_3,0
35,N2EliwJSs,T650_3,4
36,N2EliwJSs,T650_3,12
37,N2EliwJSs,T650_3,6
38,N2EliwJSs,T650_3,20
02,N2EliwJSs,T845_3,11
03,N2EliwJSs,T845_3,13
04,N2EliwJSs,T845_3,15
08,N2EliwJSs,T845_3,5
09,N2EliwJSs,T845_3,2
10,N2EliwJSs,T845_3,11
11,N2EliwJSs,T845_3,4
13,N2EliwJSs,T845_3,12
14,N2EliwJSs,T845_3,0
15,N2EliwJSs,T845_3,9
16,N2EliwJSs,T845_3,2
17,N2EliwJSs,T845_3,8
19,N2EliwJSs,T845_3,21
20,N2EliwJSs,T845_3,19
21,N2EliwJSs,T845_3,16
23,N2EliwJSs,T845_3,8
24,N2EliwJSs,T845_3,20
25,N2EliwJSs,T845_3,23
26,N2EliwJSs,T845_3,0
27,N2EliwJSs,T845_3,4
28,N2EliwJSs,T845_3,16
29,N2EliwJSs,T845_3,8
30,N2EliwJSs,T845_3,13
31,N2EliwJSs,T845_3,10
32,N2EliwJSs,T845_3,3
33,N2EliwJSs,T845_3,14
34,N2EliwJSs,T845_3,0
35,N2EliwJSs,T845_3,6
36,N2EliwJSs,T845_3,7
37,N2EliwJSs,T845_3,4
38,N2EliwJSs,T845_3,12
02,N2EliwJSs,T1098_3,5
03,N2EliwJSs,T1098_3,9
04,N2EliwJSs,T1098_3,11
08,N2EliwJSs,T1098_3,4
09,N2EliwJSs,T1098_3,5
10,N2EliwJSs,T1098_3,5
11,N2EliwJSs,T1098_3,2
13,N2EliwJSs,T1098_3,14
14,N2EliwJSs,T1098_3,0
15,N2EliwJSs,T1098_3,10
16,N2EliwJSs,T1098_3,0
17,N2EliwJSs,T1098_3,10
19,N2EliwJSs,T1098_3,26
20,N2EliwJSs,T1098_3,12
21,N2EliwJSs,T1098_3,14
23,N2EliwJSs,T1098_3,4
24,N2EliwJSs,T1098_3,18
25,N2EliwJSs,T1098_3,14
26,N2EliwJSs,T1098_3,2
27,N2EliwJSs,T1098_3,6
28,N2EliwJSs,T1098_3,8
29,N2EliwJSs,T1098_3,8
30,N2EliwJSs,T1098_3,18
31,N2EliwJSs,T1098_3,19
32,N2EliwJSs,T1098_3,4
33,N2EliwJSs,T1098_3,14
34,N2EliwJSs,T1098_3,0
35,N2EliwJSs,T1098_3,0
36,N2EliwJSs,T1098_3,7
37,N2EliwJSs,T1098_3,6
38,N2EliwJSs,T1098_3,3
02,N2EliwJSs,T1428_3,6
03,N2EliwJSs,T1428_3,8
04,N2EliwJSs,T1428_3,5
08,N2EliwJSs,T1428_3,0
09,N2EliwJSs,T1428_3,7
10,N2EliwJSs,T1428_3,8
11,N2EliwJSs,T1428_3,2
13,N2EliwJSs,T1428_3,9
14,N2EliwJSs,T1428_3,2
15,N2EliwJSs,T1428_3,7
16,N2EliwJSs,T1428_3,0
17,N2EliwJSs,T1428_3,8
19,N2EliwJSs,T1428_3,26
20,N2EliwJSs,T1428_3,12
21,N2EliwJSs,T1428_3,9
23,N2EliwJSs,T1428_3,6
24,N2EliwJSs,T1428_3,16
25,N2EliwJSs,T1428_3,10
26,N2EliwJSs,T1428_3,0
27,N2EliwJSs,T1428_3,0
28,N2EliwJSs,T1428_3,12
29,N2EliwJSs,T1428_3,6
30,N2EliwJSs,T1428_3,19
31,N2EliwJSs,T1428_3,11
32,N2EliwJSs,T1428_3,0
33,N2EliwJSs,T1428_3,5
34,N2EliwJSs,T1428_3,0
35,N2EliwJSs,T1428_3,3
36,N2EliwJSs,T1428_3,5
37,N2EliwJSs,T1428_3,0
38,N2EliwJSs,T1428_3,8
02,N2EliwJSs,T1856_3,4
03,N2EliwJSs,T1856_3,9
04,N2EliwJSs,T1856_3,2
08,N2EliwJSs,T1856_3,5
09,N2EliwJSs,T1856_3,6
10,N2EliwJSs,T1856_3,8
11,N2EliwJSs,T1856_3,3
13,N2EliwJSs,T1856_3,4
14,N2EliwJSs,T1856_3,2
15,N2EliwJSs,T1856_3,8
16,N2EliwJSs,T1856_3,0
17,N2EliwJSs,T1856_3,10
19,N2EliwJSs,T1856_3,20
20,N2EliwJSs,T1856_3,9
21,N2EliwJSs,T1856_3,13
23,N2EliwJSs,T1856_3,4
24,N2EliwJSs,T1856_3,25
25,N2EliwJSs,T1856_3,13
26,N2EliwJSs,T1856_3,2
27,N2EliwJSs,T1856_3,0
28,N2EliwJSs,T1856_3,9
29,N2EliwJSs,T1856_3,4
30,N2EliwJSs,T1856_3,9
31,N2EliwJSs,T1856_3,11
32,N2EliwJSs,T1856_3,0
33,N2EliwJSs,T1856_3,13
34,N2EliwJSs,T1856_3,0
35,N2EliwJSs,T1856_3,0
36,N2EliwJSs,T1856_3,5
37,N2EliwJSs,T1856_3,0
38,N2EliwJSs,T1856_3,10
02,N2EliwJSs,T2413_3,9
03,N2EliwJSs,T2413_3,4
04,N2EliwJSs,T2413_3,6
08,N2EliwJSs,T2413_3,0
09,N2EliwJSs,T2413_3,3
10,N2EliwJSs,T2413_3,10
11,N2EliwJSs,T2413_3,0
13,N2EliwJSs,T2413_3,10
14,N2EliwJSs,T2413_3,0
15,N2EliwJSs,T2413_3,10
16,N2EliwJSs,T2413_3,0
17,N2EliwJSs,T2413_3,13
19,N2EliwJSs,T2413_3,19
20,N2EliwJSs,T2413_3,12
21,N2EliwJSs,T2413_3,19
23,N2EliwJSs,T2413_3,2
24,N2EliwJSs,T2413_3,18
25,N2EliwJSs,T2413_3,8
26,N2EliwJSs,T2413_3,0
27,N2EliwJSs,T2413_3,0
28,N2EliwJSs,T2413_3,7
29,N2EliwJSs,T2413_3,0
30,N2EliwJSs,T2413_3,11
31,N2EliwJSs,T2413_3,13
32,N2EliwJSs,T2413_3,4
33,N2EliwJSs,T2413_3,10
34,N2EliwJSs,T2413_3,0
35,N2EliwJSs,T2413_3,0
36,N2EliwJSs,T2413_3,5
37,N2EliwJSs,T2413_3,2
38,N2EliwJSs,T2413_3,8
02,N2EliwJSs,T3137_3,3
03,N2EliwJSs,T3137_3,6
04,N2EliwJSs,T3137_3,4
08,N2EliwJSs,T3137_3,2
09,N2EliwJSs,T3137_3,8
10,N2EliwJSs,T3137_3,7
11,N2EliwJSs,T3137_3,2
13,N2EliwJSs,T3137_3,5
14,N2EliwJSs,T3137_3,0
15,N2EliwJSs,T3137_3,5
16,N2EliwJSs,T3137_3,0
17,N2EliwJSs,T3137_3,6
19,N2EliwJSs,T3137_3,15
20,N2EliwJSs,T3137_3,9
21,N2EliwJSs,T3137_3,7
23,N2EliwJSs,T3137_3,0
24,N2EliwJSs,T3137_3,16
25,N2EliwJSs,T3137_3,20
26,N2EliwJSs,T3137_3,0
27,N2EliwJSs,T3137_3,0
28,N2EliwJSs,T3137_3,11
29,N2EliwJSs,T3137_3,2
30,N2EliwJSs,T3137_3,2
31,N2EliwJSs,T3137_3,5
32,N2EliwJSs,T3137_3,2
33,N2EliwJSs,T3137_3,7
34,N2EliwJSs,T3137_3,0
35,N2EliwJSs,T3137_3,0
36,N2EliwJSs,T3137_3,3
37,N2EliwJSs,T3137_3,0
38,N2EliwJSs,T3137_3,6
02,N2EliwJSs,T4079_3,3
03,N2EliwJSs,T4079_3,10
04,N2EliwJSs,T4079_3,8
08,N2EliwJSs,T4079_3,4
09,N2EliwJSs,T4079_3,5
10,N2EliwJSs,T4079_3,12
11,N2EliwJSs,T4079_3,5
13,N2EliwJSs,T4079_3,11
14,N2EliwJSs,T4079_3,0
15,N2EliwJSs,T4079_3,4
16,N2EliwJSs,T4079_3,2
17,N2EliwJSs,T4079_3,0
19,N2EliwJSs,T4079_3,19
20,N2EliwJSs,T4079_3,10
21,N2EliwJSs,T4079_3,12
23,N2EliwJSs,T4079_3,9
24,N2EliwJSs,T4079_3,22
25,N2EliwJSs,T4079_3,11
26,N2EliwJSs,T4079_3,0
27,N2EliwJSs,T4079_3,0
28,N2EliwJSs,T4079_3,14
29,N2EliwJSs,T4079_3,2
30,N2EliwJSs,T4079_3,6
31,N2EliwJSs,T4079_3,13
32,N2EliwJSs,T4079_3,4
33,N2EliwJSs,T4079_3,13
34,N2EliwJSs,T4079_3,0
35,N2EliwJSs,T4079_3,0
36,N2EliwJSs,T4079_3,2
37,N2EliwJSs,T4079_3,4
38,N2EliwJSs,T4079_3,12
02,N2EliwJSs,T5302_3,5
03,N2EliwJSs,T5302_3,11
04,N2EliwJSs,T5302_3,10
08,N2EliwJSs,T5302_3,7
09,N2EliwJSs,T5302_3,6
10,N2EliwJSs,T5302_3,12
11,N2EliwJSs,T5302_3,0
13,N2EliwJSs,T5302_3,13
14,N2EliwJSs,T5302_3,0
15,N2EliwJSs,T5302_3,12
16,N2EliwJSs,T5302_3,0
17,N2EliwJSs,T5302_3,9
19,N2EliwJSs,T5302_3,24
20,N2EliwJSs,T5302_3,14
21,N2EliwJSs,T5302_3,10
23,N2EliwJSs,T5302_3,5
24,N2EliwJSs,T5302_3,20
25,N2EliwJSs,T5302_3,16
26,N2EliwJSs,T5302_3,2
27,N2EliwJSs,T5302_3,4
28,N2EliwJSs,T5302_3,16
29,N2EliwJSs,T5302_3,6
30,N2EliwJSs,T5302_3,10
31,N2EliwJSs,T5302_3,10
32,N2EliwJSs,T5302_3,0
33,N2EliwJSs,T5302_3,15
34,N2EliwJSs,T5302_3,2
35,N2EliwJSs,T5302_3,2
36,N2EliwJSs,T5302_3,6
37,N2EliwJSs,T5302_3,8
38,N2EliwJSs,T5302_3,7
02,N2EliwJSs,T650_4,11
03,N2EliwJSs,T650_4,15
04,N2EliwJSs,T650_4,14
08,N2EliwJSs,T650_4,3
09,N2EliwJSs,T650_4,6
10,N2EliwJSs,T650_4,10
11,N2EliwJSs,T650_4,10
13,N2EliwJSs,T650_4,13
14,N2EliwJSs,T650_4,0
15,N2EliwJSs,T650_4,14
16,N2EliwJSs,T650_4,2
17,N2EliwJSs,T650_4,10
19,N2EliwJSs,T650_4,26
20,N2EliwJSs,T650_4,16
21,N2EliwJSs,T650_4,13
23,N2EliwJSs,T650_4,9
24,N2EliwJSs,T650_4,17
25,N2EliwJSs,T650_4,14
26,N2EliwJSs,T650_4,0
27,N2EliwJSs,T650_4,0
28,N2EliwJSs,T650_4,24
29,N2EliwJSs,T650_4,12
30,N2EliwJSs,T650_4,15
31,N2EliwJSs,T650_4,9
32,N2EliwJSs,T650_4,6
33,N2EliwJSs,T650_4,20
34,N2EliwJSs,T650_4,0
35,N2EliwJSs,T650_4,2
36,N2EliwJSs,T650_4,9
37,N2EliwJSs,T650_4,7
38,N2EliwJSs,T650_4,17
02,N2EliwJSs,T845_4,8
03,N2EliwJSs,T845_4,9
04,N2EliwJSs,T845_4,6
08,N2EliwJSs,T845_4,10
09,N2EliwJSs,T845_4,14
10,N2EliwJSs,T845_4,14
11,N2EliwJSs,T845_4,0
13,N2EliwJSs,T845_4,14
14,N2EliwJSs,T845_4,0
15,N2EliwJSs,T845_4,12
16,N2EliwJSs,T845_4,0
17,N2EliwJSs,T845_4,3
19,N2EliwJSs,T845_4,25
20,N2EliwJSs,T845_4,21
21,N2EliwJSs,T845_4,17
23,N2EliwJSs,T845_4,6
24,N2EliwJSs,T845_4,25
25,N2EliwJSs,T845_4,15
26,N2EliwJSs,T845_4,0
27,N2EliwJSs,T845_4,7
28,N2EliwJSs,T845_4,11
29,N2EliwJSs,T845_4,7
30,N2EliwJSs,T845_4,12
31,N2EliwJSs,T845_4,22
32,N2EliwJSs,T845_4,6
33,N2EliwJSs,T845_4,13
34,N2EliwJSs,T845_4,0
35,N2EliwJSs,T845_4,2
36,N2EliwJSs,T845_4,9
37,N2EliwJSs,T845_4,3
38,N2EliwJSs,T845_4,15
02,N2EliwJSs,T1098_4,6
03,N2EliwJSs,T1098_4,19
04,N2EliwJSs,T1098_4,11
08,N2EliwJSs,T1098_4,7
09,N2EliwJSs,T1098_4,3
10,N2EliwJSs,T1098_4,12
11,N2EliwJSs,T1098_4,4
13,N2EliwJSs,T1098_4,11
14,N2EliwJSs,T1098_4,0
15,N2EliwJSs,T1098_4,9
16,N2EliwJSs,T1098_4,4
17,N2EliwJSs,T1098_4,8
19,N2EliwJSs,T1098_4,24
20,N2EliwJSs,T1098_4,16
21,N2EliwJSs,T1098_4,14
23,N2EliwJSs,T1098_4,11
24,N2EliwJSs,T1098_4,23
25,N2EliwJSs,T1098_4,20
26,N2EliwJSs,T1098_4,0
27,N2EliwJSs,T1098_4,4
28,N2EliwJSs,T1098_4,21
29,N2EliwJSs,T1098_4,6
30,N2EliwJSs,T1098_4,15
31,N2EliwJSs,T1098_4,15
32,N2EliwJSs,T1098_4,6
33,N2EliwJSs,T1098_4,9
34,N2EliwJSs,T1098_4,2
35,N2EliwJSs,T1098_4,2
36,N2EliwJSs,T1098_4,10
37,N2EliwJSs,T1098_4,5
38,N2EliwJSs,T1098_4,5
02,N2EliwJSs,T1428_4,2
03,N2EliwJSs,T1428_4,12
04,N2EliwJSs,T1428_4,9
08,N2EliwJSs,T1428_4,0
09,N2EliwJSs,T1428_4,8
10,N2EliwJSs,T1428_4,9
11,N2EliwJSs,T1428_4,2
13,N2EliwJSs,T1428_4,14
14,N2EliwJSs,T1428_4,2
15,N2EliwJSs,T1428_4,12
16,N2EliwJSs,T1428_4,2
17,N2EliwJSs,T1428_4,11
19,N2EliwJSs,T1428_4,27
20,N2EliwJSs,T1428_4,10
21,N2EliwJSs,T1428_4,18
23,N2EliwJSs,T1428_4,13
24,N2EliwJSs,T1428_4,10
25,N2EliwJSs,T1428_4,17
26,N2EliwJSs,T1428_4,2
27,N2EliwJSs,T1428_4,0
28,N2EliwJSs,T1428_4,11
29,N2EliwJSs,T1428_4,9
30,N2EliwJSs,T1428_4,15
31,N2EliwJSs,T1428_4,17
32,N2EliwJSs,T1428_4,0
33,N2EliwJSs,T1428_4,10
34,N2EliwJSs,T1428_4,0
35,N2EliwJSs,T1428_4,2
36,N2EliwJSs,T1428_4,10
37,N2EliwJSs,T1428_4,4
38,N2EliwJSs,T1428_4,14
02,N2EliwJSs,T1856_4,6
03,N2EliwJSs,T1856_4,11
04,N2EliwJSs,T1856_4,11
08,N2EliwJSs,T1856_4,6
09,N2EliwJSs,T1856_4,10
10,N2EliwJSs,T1856_4,8
11,N2EliwJSs,T1856_4,0
13,N2EliwJSs,T1856_4,10
14,N2EliwJSs,T1856_4,0
15,N2EliwJSs,T1856_4,12
16,N2EliwJSs,T1856_4,0
17,N2EliwJSs,T1856_4,10
19,N2EliwJSs,T1856_4,20
20,N2EliwJSs,T1856_4,17
21,N2EliwJSs,T1856_4,11
23,N2EliwJSs,T1856_4,5
24,N2EliwJSs,T1856_4,19
25,N2EliwJSs,T1856_4,12
26,N2EliwJSs,T1856_4,0
27,N2EliwJSs,T1856_4,3
28,N2EliwJSs,T1856_4,18
29,N2EliwJSs,T1856_4,3
30,N2EliwJSs,T1856_4,11
31,N2EliwJSs,T1856_4,8
32,N2EliwJSs,T1856_4,0
33,N2EliwJSs,T1856_4,12
34,N2EliwJSs,T1856_4,0
35,N2EliwJSs,T1856_4,0
36,N2EliwJSs,T1856_4,9
37,N2EliwJSs,T1856_4,5
38,N2EliwJSs,T1856_4,14
02,N2EliwJSs,T2413_4,3
03,N2EliwJSs,T2413_4,9
04,N2EliwJSs,T2413_4,10
08,N2EliwJSs,T2413_4,4
09,N2EliwJSs,T2413_4,5
10,N2EliwJSs,T2413_4,14
11,N2EliwJSs,T2413_4,2
13,N2EliwJSs,T2413_4,8
14,N2EliwJSs,T2413_4,0
15,N2EliwJSs,T2413_4,12
16,N2EliwJSs,T2413_4,0
17,N2EliwJSs,T2413_4,8
19,N2EliwJSs,T2413_4,29
20,N2EliwJSs,T2413_4,14
21,N2EliwJSs,T2413_4,23
23,N2EliwJSs,T2413_4,2
24,N2EliwJSs,T2413_4,15
25,N2EliwJSs,T2413_4,19
26,N2EliwJSs,T2413_4,2
27,N2EliwJSs,T2413_4,2
28,N2EliwJSs,T2413_4,18
29,N2EliwJSs,T2413_4,2
30,N2EliwJSs,T2413_4,11
31,N2EliwJSs,T2413_4,13
32,N2EliwJSs,T2413_4,2
33,N2EliwJSs,T2413_4,8
34,N2EliwJSs,T2413_4,0
35,N2EliwJSs,T2413_4,0
36,N2EliwJSs,T2413_4,5
37,N2EliwJSs,T2413_4,5
38,N2EliwJSs,T2413_4,2
02,N2EliwJSs,T3137_4,8
03,N2EliwJSs,T3137_4,12
04,N2EliwJSs,T3137_4,8
08,N2EliwJSs,T3137_4,7
09,N2EliwJSs,T3137_4,0
10,N2EliwJSs,T3137_4,18
11,N2EliwJSs,T3137_4,2
13,N2EliwJSs,T3137_4,5
14,N2EliwJSs,T3137_4,0
15,N2EliwJSs,T3137_4,6
16,N2EliwJSs,T3137_4,0
17,N2EliwJSs,T3137_4,10
19,N2EliwJSs,T3137_4,22
20,N2EliwJSs,T3137_4,7
21,N2EliwJSs,T3137_4,10
23,N2EliwJSs,T3137_4,5
24,N2EliwJSs,T3137_4,16
25,N2EliwJSs,T3137_4,12
26,N2EliwJSs,T3137_4,0
27,N2EliwJSs,T3137_4,0
28,N2EliwJSs,T3137_4,6
29,N2EliwJSs,T3137_4,7
30,N2EliwJSs,T3137_4,0
31,N2EliwJSs,T3137_4,11
32,N2EliwJSs,T3137_4,0
33,N2EliwJSs,T3137_4,6
34,N2EliwJSs,T3137_4,0
35,N2EliwJSs,T3137_4,5
36,N2EliwJSs,T3137_4,3
37,N2EliwJSs,T3137_4,6
38,N2EliwJSs,T3137_4,7
02,N2EliwJSs,T4079_4,4
03,N2EliwJSs,T4079_4,4
04,N2EliwJSs,T4079_4,5
08,N2EliwJSs,T4079_4,5
09,N2EliwJSs,T4079_4,3
10,N2EliwJSs,T4079_4,9
11,N2EliwJSs,T4079_4,3
13,N2EliwJSs,T4079_4,8
14,N2EliwJSs,T4079_4,2
15,N2EliwJSs,T4079_4,12
16,N2EliwJSs,T4079_4,0
17,N2EliwJSs,T4079_4,10
19,N2EliwJSs,T4079_4,18
20,N2EliwJSs,T4079_4,12
21,N2EliwJSs,T4079_4,12
23,N2EliwJSs,T4079_4,8
24,N2EliwJSs,T4079_4,13
25,N2EliwJSs,T4079_4,19
26,N2EliwJSs,T4079_4,0
27,N2EliwJSs,T4079_4,0
28,N2EliwJSs,T4079_4,19
29,N2EliwJSs,T4079_4,10
30,N2EliwJSs,T4079_4,9
31,N2EliwJSs,T4079_4,10
32,N2EliwJSs,T4079_4,2
33,N2EliwJSs,T4079_4,12
34,N2EliwJSs,T4079_4,0
35,N2EliwJSs,T4079_4,0
36,N2EliwJSs,T4079_4,0
37,N2EliwJSs,T4079_4,6
38,N2EliwJSs,T4079_4,8
02,N2EliwJSs,T5302_4,2
03,N2EliwJSs,T5302_4,10
04,N2EliwJSs,T5302_4,11
08,N2EliwJSs,T5302_4,8
09,N2EliwJSs,T5302_4,11
10,N2EliwJSs,T5302_4,11
11,N2EliwJSs,T5302_4,2
13,N2EliwJSs,T5302_4,14
14,N2EliwJSs,T5302_4,0
15,N2EliwJSs,T5302_4,16
16,N2EliwJSs,T5302_4,0
17,N2EliwJSs,T5302_4,2
19,N2EliwJSs,T5302_4,16
20,N2EliwJSs,T5302_4,9
21,N2EliwJSs,T5302_4,16
23,N2EliwJSs,T5302_4,8
24,N2EliwJSs,T5302_4,11
25,N2EliwJSs,T5302_4,21
26,N2EliwJSs,T5302_4,0
27,N2EliwJSs,T5302_4,2
28,N2EliwJSs,T5302_4,19
29,N2EliwJSs,T5302_4,7
30,N2EliwJSs,T5302_4,18
31,N2EliwJSs,T5302_4,10
32,N2EliwJSs,T5302_4,9
33,N2EliwJSs,T5302_4,15
34,N2EliwJSs,T5302_4,0
35,N2EliwJSs,T5302_4,3
36,N2EliwJSs,T5302_4,6
37,N2EliwJSs,T5302_4,5
38,N2EliwJSs,T5302_4,11
02,N2Eliwo,T650_1,32
03,N2Eliwo,T650_1,48
04,N2Eliwo,T650_1,46
08,N2Eliwo,T650_1,54
09,N2Eliwo,T650_1,67
10,N2Eliwo,T650_1,63
11,N2Eliwo,T650_1,50
13,N2Eliwo,T650_1,71
14,N2Eliwo,T650_1,16
15,N2Eliwo,T650_1,74
16,N2Eliwo,T650_1,81
17,N2Eliwo,T650_1,35
19,N2Eliwo,T650_1,70
20,N2Eliwo,T650_1,66
21,N2Eliwo,T650_1,67
23,N2Eliwo,T650_1,42
24,N2Eliwo,T650_1,78
25,N2Eliwo,T650_1,62
26,N2Eliwo,T650_1,26
27,N2Eliwo,T650_1,23
28,N2Eliwo,T650_1,64
29,N2Eliwo,T650_1,61
30,N2Eliwo,T650_1,92
31,N2Eliwo,T650_1,71
32,N2Eliwo,T650_1,46
33,N2Eliwo,T650_1,99
34,N2Eliwo,T650_1,55
35,N2Eliwo,T650_1,63
36,N2Eliwo,T650_1,46
37,N2Eliwo,T650_1,51
38,N2Eliwo,T650_1,70
02,N2Eliwo,T845_1,32
03,N2Eliwo,T845_1,54
04,N2Eliwo,T845_1,40
08,N2Eliwo,T845_1,59
09,N2Eliwo,T845_1,66
10,N2Eliwo,T845_1,62
11,N2Eliwo,T845_1,33
13,N2Eliwo,T845_1,68
14,N2Eliwo,T845_1,21
15,N2Eliwo,T845_1,70
16,N2Eliwo,T845_1,74
17,N2Eliwo,T845_1,31
19,N2Eliwo,T845_1,74
20,N2Eliwo,T845_1,62
21,N2Eliwo,T845_1,74
23,N2Eliwo,T845_1,50
24,N2Eliwo,T845_1,82
25,N2Eliwo,T845_1,70
26,N2Eliwo,T845_1,25
27,N2Eliwo,T845_1,26
28,N2Eliwo,T845_1,68
29,N2Eliwo,T845_1,62
30,N2Eliwo,T845_1,96
31,N2Eliwo,T845_1,70
32,N2Eliwo,T845_1,50
33,N2Eliwo,T845_1,83
34,N2Eliwo,T845_1,49
35,N2Eliwo,T845_1,50
36,N2Eliwo,T845_1,41
37,N2Eliwo,T845_1,36
38,N2Eliwo,T845_1,61
02,N2Eliwo,T1098_1,35
03,N2Eliwo,T1098_1,55
04,N2Eliwo,T1098_1,44
08,N2Eliwo,T1098_1,47
09,N2Eliwo,T1098_1,65
10,N2Eliwo,T1098_1,55
11,N2Eliwo,T1098_1,34
13,N2Eliwo,T1098_1,53
14,N2Eliwo,T1098_1,18
15,N2Eliwo,T1098_1,66
16,N2Eliwo,T1098_1,73
17,N2Eliwo,T1098_1,35
19,N2Eliwo,T1098_1,63
20,N2Eliwo,T1098_1,56
21,N2Eliwo,T1098_1,74
23,N2Eliwo,T1098_1,44
24,N2Eliwo,T1098_1,72
25,N2Eliwo,T1098_1,63
26,N2Eliwo,T1098_1,29
27,N2Eliwo,T1098_1,24
28,N2Eliwo,T1098_1,61
29,N2Eliwo,T1098_1,53
30,N2Eliwo,T1098_1,106
31,N2Eliwo,T1098_1,76
32,N2Eliwo,T1098_1,52
33,N2Eliwo,T1098_1,80
34,N2Eliwo,T1098_1,51
35,N2Eliwo,T1098_1,54
36,N2Eliwo,T1098_1,43
37,N2Eliwo,T1098_1,39
38,N2Eliwo,T1098_1,50
02,N2Eliwo,T1428_1,32
03,N2Eliwo,T1428_1,52
04,N2Eliwo,T1428_1,38
08,N2Eliwo,T1428_1,43
09,N2Eliwo,T1428_1,67
10,N2Eliwo,T1428_1,50
11,N2Eliwo,T1428_1,27
13,N2Eliwo,T1428_1,52
14,N2Eliwo,T1428_1,19
15,N2Eliwo,T1428_1,65
16,N2Eliwo,T1428_1,69
17,N2Eliwo,T1428_1,29
19,N2Eliwo,T1428_1,62
20,N2Eliwo,T1428_1,67
21,N2Eliwo,T1428_1,64
23,N2Eliwo,T1428_1,49
24,N2Eliwo,T1428_1,85
25,N2Eliwo,T1428_1,60
26,N2Eliwo,T1428_1,24
27,N2Eliwo,T1428_1,28
28,N2Eliwo,T1428_1,50
29,N2Eliwo,T1428_1,52
30,N2Eliwo,T1428_1,101
31,N2Eliwo,T1428_1,67
32,N2Eliwo,T1428_1,39
33,N2Eliwo,T1428_1,66
34,N2Eliwo,T1428_1,40
35,N2Eliwo,T1428_1,53
36,N2Eliwo,T1428_1,38
37,N2Eliwo,T1428_1,39
38,N2Eliwo,T1428_1,63
02,N2Eliwo,T1856_1,33
03,N2Eliwo,T1856_1,46
04,N2Eliwo,T1856_1,37
08,N2Eliwo,T1856_1,57
09,N2Eliwo,T1856_1,68
10,N2Eliwo,T1856_1,54
11,N2Eliwo,T1856_1,36
13,N2Eliwo,T1856_1,38
14,N2Eliwo,T1856_1,16
15,N2Eliwo,T1856_1,61
16,N2Eliwo,T1856_1,77
17,N2Eliwo,T1856_1,36
19,N2Eliwo,T1856_1,64
20,N2Eliwo,T1856_1,59
21,N2Eliwo,T1856_1,50
23,N2Eliwo,T1856_1,41
24,N2Eliwo,T1856_1,87
25,N2Eliwo,T1856_1,62
26,N2Eliwo,T1856_1,25
27,N2Eliwo,T1856_1,23
28,N2Eliwo,T1856_1,55
29,N2Eliwo,T1856_1,50
30,N2Eliwo,T1856_1,98
31,N2Eliwo,T1856_1,73
32,N2Eliwo,T1856_1,37
33,N2Eliwo,T1856_1,76
34,N2Eliwo,T1856_1,49
35,N2Eliwo,T1856_1,51
36,N2Eliwo,T1856_1,34
37,N2Eliwo,T1856_1,33
38,N2Eliwo,T1856_1,62
02,N2Eliwo,T2413_1,27
03,N2Eliwo,T2413_1,43
04,N2Eliwo,T2413_1,38
08,N2Eliwo,T2413_1,54
09,N2Eliwo,T2413_1,60
10,N2Eliwo,T2413_1,46
11,N2Eliwo,T2413_1,28
13,N2Eliwo,T2413_1,53
14,N2Eliwo,T2413_1,18
15,N2Eliwo,T2413_1,53
16,N2Eliwo,T2413_1,69
17,N2Eliwo,T2413_1,33
19,N2Eliwo,T2413_1,62
20,N2Eliwo,T2413_1,58
21,N2Eliwo,T2413_1,73
23,N2Eliwo,T2413_1,49
24,N2Eliwo,T2413_1,81
25,N2Eliwo,T2413_1,59
26,N2Eliwo,T2413_1,16
27,N2Eliwo,T2413_1,29
28,N2Eliwo,T2413_1,52
29,N2Eliwo,T2413_1,44
30,N2Eliwo,T2413_1,92
31,N2Eliwo,T2413_1,74
32,N2Eliwo,T2413_1,48
33,N2Eliwo,T2413_1,77
34,N2Eliwo,T2413_1,43
35,N2Eliwo,T2413_1,51
36,N2Eliwo,T2413_1,45
37,N2Eliwo,T2413_1,37
38,N2Eliwo,T2413_1,42
02,N2Eliwo,T3137_1,36
03,N2Eliwo,T3137_1,51
04,N2Eliwo,T3137_1,29
08,N2Eliwo,T3137_1,59
09,N2Eliwo,T3137_1,68
10,N2Eliwo,T3137_1,44
11,N2Eliwo,T3137_1,22
13,N2Eliwo,T3137_1,40
14,N2Eliwo,T3137_1,15
15,N2Eliwo,T3137_1,62
16,N2Eliwo,T3137_1,73
17,N2Eliwo,T3137_1,30
19,N2Eliwo,T3137_1,60
20,N2Eliwo,T3137_1,56
21,N2Eliwo,T3137_1,55
23,N2Eliwo,T3137_1,33
24,N2Eliwo,T3137_1,74
25,N2Eliwo,T3137_1,62
26,N2Eliwo,T3137_1,23
27,N2Eliwo,T3137_1,18
28,N2Eliwo,T3137_1,43
29,N2Eliwo,T3137_1,38
30,N2Eliwo,T3137_1,76
31,N2Eliwo,T3137_1,62
32,N2Eliwo,T3137_1,49
33,N2Eliwo,T3137_1,68
34,N2Eliwo,T3137_1,39
35,N2Eliwo,T3137_1,52
36,N2Eliwo,T3137_1,26
37,N2Eliwo,T3137_1,30
38,N2Eliwo,T3137_1,40
02,N2Eliwo,T4079_1,36
03,N2Eliwo,T4079_1,43
04,N2Eliwo,T4079_1,41
08,N2Eliwo,T4079_1,56
09,N2Eliwo,T4079_1,60
10,N2Eliwo,T4079_1,62
11,N2Eliwo,T4079_1,34
13,N2Eliwo,T4079_1,48
14,N2Eliwo,T4079_1,21
15,N2Eliwo,T4079_1,61
16,N2Eliwo,T4079_1,66
17,N2Eliwo,T4079_1,36
19,N2Eliwo,T4079_1,74
20,N2Eliwo,T4079_1,54
21,N2Eliwo,T4079_1,58
23,N2Eliwo,T4079_1,39
24,N2Eliwo,T4079_1,73
25,N2Eliwo,T4079_1,58
26,N2Eliwo,T4079_1,18
27,N2Eliwo,T4079_1,24
28,N2Eliwo,T4079_1,72
29,N2Eliwo,T4079_1,48
30,N2Eliwo,T4079_1,87
31,N2Eliwo,T4079_1,60
32,N2Eliwo,T4079_1,49
33,N2Eliwo,T4079_1,81
34,N2Eliwo,T4079_1,54
35,N2Eliwo,T4079_1,47
36,N2Eliwo,T4079_1,27
37,N2Eliwo,T4079_1,39
38,N2Eliwo,T4079_1,40
02,N2Eliwo,T5302_1,30
03,N2Eliwo,T5302_1,50
04,N2Eliwo,T5302_1,50
08,N2Eliwo,T5302_1,57
09,N2Eliwo,T5302_1,66
10,N2Eliwo,T5302_1,46
11,N2Eliwo,T5302_1,33
13,N2Eliwo,T5302_1,57
14,N2Eliwo,T5302_1,15
15,N2Eliwo,T5302_1,55
16,N2Eliwo,T5302_1,75
17,N2Eliwo,T5302_1,27
19,N2Eliwo,T5302_1,71
20,N2Eliwo,T5302_1,52
21,N2Eliwo,T5302_1,55
23,N2Eliwo,T5302_1,45
24,N2Eliwo,T5302_1,69
25,N2Eliwo,T5302_1,63
26,N2Eliwo,T5302_1,30
27,N2Eliwo,T5302_1,28
28,N2Eliwo,T5302_1,62
29,N2Eliwo,T5302_1,58
30,N2Eliwo,T5302_1,91
31,N2Eliwo,T5302_1,72
32,N2Eliwo,T5302_1,52
33,N2Eliwo,T5302_1,93
34,N2Eliwo,T5302_1,53
35,N2Eliwo,T5302_1,52
36,N2Eliwo,T5302_1,37
37,N2Eliwo,T5302_1,30
38,N2Eliwo,T5302_1,59
02,N2Eliwo,T650_2,32
03,N2Eliwo,T650_2,54
04,N2Eliwo,T650_2,44
08,N2Eliwo,T650_2,56
09,N2Eliwo,T650_2,63
10,N2Eliwo,T650_2,68
11,N2Eliwo,T650_2,47
13,N2Eliwo,T650_2,64
14,N2Eliwo,T650_2,19
15,N2Eliwo,T650_2,70
16,N2Eliwo,T650_2,85
17,N2Eliwo,T650_2,29
19,N2Eliwo,T650_2,61
20,N2Eliwo,T650_2,55
21,N2Eliwo,T650_2,75
23,N2Eliwo,T650_2,50
24,N2Eliwo,T650_2,80
25,N2Eliwo,T650_2,58
26,N2Eliwo,T650_2,25
27,N2Eliwo,T650_2,19
28,N2Eliwo,T650_2,74
29,N2Eliwo,T650_2,64
30,N2Eliwo,T650_2,87
31,N2Eliwo,T650_2,65
32,N2Eliwo,T650_2,52
33,N2Eliwo,T650_2,99
34,N2Eliwo,T650_2,59
35,N2Eliwo,T650_2,55
36,N2Eliwo,T650_2,49
37,N2Eliwo,T650_2,42
38,N2Eliwo,T650_2,60
02,N2Eliwo,T845_2,34
03,N2Eliwo,T845_2,60
04,N2Eliwo,T845_2,46
08,N2Eliwo,T845_2,58
09,N2Eliwo,T845_2,66
10,N2Eliwo,T845_2,65
11,N2Eliwo,T845_2,38
13,N2Eliwo,T845_2,61
14,N2Eliwo,T845_2,22
15,N2Eliwo,T845_2,67
16,N2Eliwo,T845_2,83
17,N2Eliwo,T845_2,26
19,N2Eliwo,T845_2,67
20,N2Eliwo,T845_2,66
21,N2Eliwo,T845_2,68
23,N2Eliwo,T845_2,48
24,N2Eliwo,T845_2,81
25,N2Eliwo,T845_2,67
26,N2Eliwo,T845_2,26
27,N2Eliwo,T845_2,26
28,N2Eliwo,T845_2,74
29,N2Eliwo,T845_2,64
30,N2Eliwo,T845_2,90
31,N2Eliwo,T845_2,65
32,N2Eliwo,T845_2,52
33,N2Eliwo,T845_2,84
34,N2Eliwo,T845_2,48
35,N2Eliwo,T845_2,58
36,N2Eliwo,T845_2,40
37,N2Eliwo,T845_2,46
38,N2Eliwo,T845_2,61
02,N2Eliwo,T1098_2,39
03,N2Eliwo,T1098_2,51
04,N2Eliwo,T1098_2,36
08,N2Eliwo,T1098_2,56
09,N2Eliwo,T1098_2,69
10,N2Eliwo,T1098_2,58
11,N2Eliwo,T1098_2,37
13,N2Eliwo,T1098_2,68
14,N2Eliwo,T1098_2,15
15,N2Eliwo,T1098_2,65
16,N2Eliwo,T1098_2,74
17,N2Eliwo,T1098_2,38
19,N2Eliwo,T1098_2,73
20,N2Eliwo,T1098_2,63
21,N2Eliwo,T1098_2,71
23,N2Eliwo,T1098_2,45
24,N2Eliwo,T1098_2,77
25,N2Eliwo,T1098_2,62
26,N2Eliwo,T1098_2,32
27,N2Eliwo,T1098_2,23
28,N2Eliwo,T1098_2,73
29,N2Eliwo,T1098_2,65
30,N2Eliwo,T1098_2,97
31,N2Eliwo,T1098_2,72
32,N2Eliwo,T1098_2,54
33,N2Eliwo,T1098_2,85
34,N2Eliwo,T1098_2,55
35,N2Eliwo,T1098_2,60
36,N2Eliwo,T1098_2,41
37,N2Eliwo,T1098_2,43
38,N2Eliwo,T1098_2,56
02,N2Eliwo,T1428_2,36
03,N2Eliwo,T1428_2,61
04,N2Eliwo,T1428_2,45
08,N2Eliwo,T1428_2,53
09,N2Eliwo,T1428_2,71
10,N2Eliwo,T1428_2,62
11,N2Eliwo,T1428_2,42
13,N2Eliwo,T1428_2,60
14,N2Eliwo,T1428_2,21
15,N2Eliwo,T1428_2,68
16,N2Eliwo,T1428_2,74
17,N2Eliwo,T1428_2,24
19,N2Eliwo,T1428_2,61
20,N2Eliwo,T1428_2,61
21,N2Eliwo,T1428_2,71
23,N2Eliwo,T1428_2,52
24,N2Eliwo,T1428_2,81
25,N2Eliwo,T1428_2,62
26,N2Eliwo,T1428_2,27
27,N2Eliwo,T1428_2,28
28,N2Eliwo,T1428_2,68
29,N2Eliwo,T1428_2,58
30,N2Eliwo,T1428_2,92
31,N2Eliwo,T1428_2,68
32,N2Eliwo,T1428_2,50
33,N2Eliwo,T1428_2,87
34,N2Eliwo,T1428_2,40
35,N2Eliwo,T1428_2,64
36,N2Eliwo,T1428_2,40
37,N2Eliwo,T1428_2,42
38,N2Eliwo,T1428_2,64
02,N2Eliwo,T1856_2,36
03,N2Eliwo,T1856_2,54
04,N2Eliwo,T1856_2,41
08,N2Eliwo,T1856_2,60
09,N2Eliwo,T1856_2,68
10,N2Eliwo,T1856_2,68
11,N2Eliwo,T1856_2,39
13,N2Eliwo,T1856_2,56
14,N2Eliwo,T1856_2,19
15,N2Eliwo,T1856_2,66
16,N2Eliwo,T1856_2,81
17,N2Eliwo,T1856_2,44
19,N2Eliwo,T1856_2,68
20,N2Eliwo,T1856_2,66
21,N2Eliwo,T1856_2,65
23,N2Eliwo,T1856_2,52
24,N2Eliwo,T1856_2,86
25,N2Eliwo,T1856_2,60
26,N2Eliwo,T1856_2,23
27,N2Eliwo,T1856_2,25
28,N2Eliwo,T1856_2,59
29,N2Eliwo,T1856_2,59
30,N2Eliwo,T1856_2,84
31,N2Eliwo,T1856_2,69
32,N2Eliwo,T1856_2,46
33,N2Eliwo,T1856_2,84
34,N2Eliwo,T1856_2,46
35,N2Eliwo,T1856_2,62
36,N2Eliwo,T1856_2,32
37,N2Eliwo,T1856_2,45
38,N2Eliwo,T1856_2,63
02,N2Eliwo,T2413_2,32
03,N2Eliwo,T2413_2,48
04,N2Eliwo,T2413_2,40
08,N2Eliwo,T2413_2,59
09,N2Eliwo,T2413_2,71
10,N2Eliwo,T2413_2,60
11,N2Eliwo,T2413_2,35
13,N2Eliwo,T2413_2,65
14,N2Eliwo,T2413_2,15
15,N2Eliwo,T2413_2,63
16,N2Eliwo,T2413_2,77
17,N2Eliwo,T2413_2,33
19,N2Eliwo,T2413_2,68
20,N2Eliwo,T2413_2,58
21,N2Eliwo,T2413_2,77
23,N2Eliwo,T2413_2,43
24,N2Eliwo,T2413_2,72
25,N2Eliwo,T2413_2,69
26,N2Eliwo,T2413_2,23
27,N2Eliwo,T2413_2,30
28,N2Eliwo,T2413_2,65
29,N2Eliwo,T2413_2,64
30,N2Eliwo,T2413_2,90
31,N2Eliwo,T2413_2,59
32,N2Eliwo,T2413_2,49
33,N2Eliwo,T2413_2,84
34,N2Eliwo,T2413_2,46
35,N2Eliwo,T2413_2,58
36,N2Eliwo,T2413_2,44
37,N2Eliwo,T2413_2,40
38,N2Eliwo,T2413_2,50
02,N2Eliwo,T3137_2,35
03,N2Eliwo,T3137_2,59
04,N2Eliwo,T3137_2,37
08,N2Eliwo,T3137_2,55
09,N2Eliwo,T3137_2,66
10,N2Eliwo,T3137_2,57
11,N2Eliwo,T3137_2,43
13,N2Eliwo,T3137_2,59
14,N2Eliwo,T3137_2,19
15,N2Eliwo,T3137_2,66
16,N2Eliwo,T3137_2,74
17,N2Eliwo,T3137_2,36
19,N2Eliwo,T3137_2,54
20,N2Eliwo,T3137_2,58
21,N2Eliwo,T3137_2,68
23,N2Eliwo,T3137_2,49
24,N2Eliwo,T3137_2,85
25,N2Eliwo,T3137_2,61
26,N2Eliwo,T3137_2,26
27,N2Eliwo,T3137_2,22
28,N2Eliwo,T3137_2,69
29,N2Eliwo,T3137_2,49
30,N2Eliwo,T3137_2,65
31,N2Eliwo,T3137_2,68
32,N2Eliwo,T3137_2,49
33,N2Eliwo,T3137_2,90
34,N2Eliwo,T3137_2,38
35,N2Eliwo,T3137_2,59
36,N2Eliwo,T3137_2,33
37,N2Eliwo,T3137_2,40
38,N2Eliwo,T3137_2,45
02,N2Eliwo,T4079_2,31
03,N2Eliwo,T4079_2,50
04,N2Eliwo,T4079_2,33
08,N2Eliwo,T4079_2,60
09,N2Eliwo,T4079_2,65
10,N2Eliwo,T4079_2,71
11,N2Eliwo,T4079_2,33
13,N2Eliwo,T4079_2,73
14,N2Eliwo,T4079_2,18
15,N2Eliwo,T4079_2,71
16,N2Eliwo,T4079_2,69
17,N2Eliwo,T4079_2,29
19,N2Eliwo,T4079_2,73
20,N2Eliwo,T4079_2,58
21,N2Eliwo,T4079_2,71
23,N2Eliwo,T4079_2,45
24,N2Eliwo,T4079_2,75
25,N2Eliwo,T4079_2,63
26,N2Eliwo,T4079_2,22
27,N2Eliwo,T4079_2,29
28,N2Eliwo,T4079_2,86
29,N2Eliwo,T4079_2,67
30,N2Eliwo,T4079_2,77
31,N2Eliwo,T4079_2,69
32,N2Eliwo,T4079_2,48
33,N2Eliwo,T4079_2,88
34,N2Eliwo,T4079_2,43
35,N2Eliwo,T4079_2,54
36,N2Eliwo,T4079_2,26
37,N2Eliwo,T4079_2,46
38,N2Eliwo,T4079_2,57
02,N2Eliwo,T5302_2,32
03,N2Eliwo,T5302_2,55
04,N2Eliwo,T5302_2,49
08,N2Eliwo,T5302_2,57
09,N2Eliwo,T5302_2,70
10,N2Eliwo,T5302_2,59
11,N2Eliwo,T5302_2,43
13,N2Eliwo,T5302_2,66
14,N2Eliwo,T5302_2,18
15,N2Eliwo,T5302_2,67
16,N2Eliwo,T5302_2,82
17,N2Eliwo,T5302_2,30
19,N2Eliwo,T5302_2,78
20,N2Eliwo,T5302_2,55
21,N2Eliwo,T5302_2,78
23,N2Eliwo,T5302_2,45
24,N2Eliwo,T5302_2,75
25,N2Eliwo,T5302_2,65
26,N2Eliwo,T5302_2,30
27,N2Eliwo,T5302_2,29
28,N2Eliwo,T5302_2,76
29,N2Eliwo,T5302_2,60
30,N2Eliwo,T5302_2,89
31,N2Eliwo,T5302_2,75
32,N2Eliwo,T5302_2,55
33,N2Eliwo,T5302_2,96
34,N2Eliwo,T5302_2,47
35,N2Eliwo,T5302_2,59
36,N2Eliwo,T5302_2,36
37,N2Eliwo,T5302_2,45
38,N2Eliwo,T5302_2,68
02,N2Eliwo,T650_3,33
03,N2Eliwo,T650_3,55
04,N2Eliwo,T650_3,46
08,N2Eliwo,T650_3,61
09,N2Eliwo,T650_3,75
10,N2Eliwo,T650_3,60
11,N2Eliwo,T650_3,47
13,N2Eliwo,T650_3,67
14,N2Eliwo,T650_3,15
15,N2Eliwo,T650_3,67
16,N2Eliwo,T650_3,89
17,N2Eliwo,T650_3,36
19,N2Eliwo,T650_3,56
20,N2Eliwo,T650_3,62
21,N2Eliwo,T650_3,71
23,N2Eliwo,T650_3,52
24,N2Eliwo,T650_3,80
25,N2Eliwo,T650_3,60
26,N2Eliwo,T650_3,25
27,N2Eliwo,T650_3,24
28,N2Eliwo,T650_3,83
29,N2Eliwo,T650_3,66
30,N2Eliwo,T650_3,91
31,N2Eliwo,T650_3,70
32,N2Eliwo,T650_3,52
33,N2Eliwo,T650_3,93
34,N2Eliwo,T650_3,55
35,N2Eliwo,T650_3,58
36,N2Eliwo,T650_3,39
37,N2Eliwo,T650_3,52
38,N2Eliwo,T650_3,58
02,N2Eliwo,T845_3,32
03,N2Eliwo,T845_3,52
04,N2Eliwo,T845_3,41
08,N2Eliwo,T845_3,63
09,N2Eliwo,T845_3,71
10,N2Eliwo,T845_3,61
11,N2Eliwo,T845_3,36
13,N2Eliwo,T845_3,70
14,N2Eliwo,T845_3,17
15,N2Eliwo,T845_3,68
16,N2Eliwo,T845_3,84
17,N2Eliwo,T845_3,36
19,N2Eliwo,T845_3,75
20,N2Eliwo,T845_3,54
21,N2Eliwo,T845_3,73
23,N2Eliwo,T845_3,51
24,N2Eliwo,T845_3,81
25,N2Eliwo,T845_3,64
26,N2Eliwo,T845_3,27
27,N2Eliwo,T845_3,26
28,N2Eliwo,T845_3,64
29,N2Eliwo,T845_3,59
30,N2Eliwo,T845_3,91
31,N2Eliwo,T845_3,67
32,N2Eliwo,T845_3,56
33,N2Eliwo,T845_3,92
34,N2Eliwo,T845_3,56
35,N2Eliwo,T845_3,56
36,N2Eliwo,T845_3,43
37,N2Eliwo,T845_3,46
38,N2Eliwo,T845_3,57
02,N2Eliwo,T1098_3,37
03,N2Eliwo,T1098_3,54
04,N2Eliwo,T1098_3,36
08,N2Eliwo,T1098_3,56
09,N2Eliwo,T1098_3,74
10,N2Eliwo,T1098_3,60
11,N2Eliwo,T1098_3,49
13,N2Eliwo,T1098_3,68
14,N2Eliwo,T1098_3,12
15,N2Eliwo,T1098_3,65
16,N2Eliwo,T1098_3,82
17,N2Eliwo,T1098_3,38
19,N2Eliwo,T1098_3,76
20,N2Eliwo,T1098_3,59
21,N2Eliwo,T1098_3,70
23,N2Eliwo,T1098_3,54
24,N2Eliwo,T1098_3,82
25,N2Eliwo,T1098_3,65
26,N2Eliwo,T1098_3,32
27,N2Eliwo,T1098_3,24
28,N2Eliwo,T1098_3,78
29,N2Eliwo,T1098_3,59
30,N2Eliwo,T1098_3,93
31,N2Eliwo,T1098_3,62
32,N2Eliwo,T1098_3,55
33,N2Eliwo,T1098_3,89
34,N2Eliwo,T1098_3,55
35,N2Eliwo,T1098_3,61
36,N2Eliwo,T1098_3,46
37,N2Eliwo,T1098_3,43
38,N2Eliwo,T1098_3,70
02,N2Eliwo,T1428_3,33
03,N2Eliwo,T1428_3,63
04,N2Eliwo,T1428_3,46
08,N2Eliwo,T1428_3,63
09,N2Eliwo,T1428_3,73
10,N2Eliwo,T1428_3,58
11,N2Eliwo,T1428_3,38
13,N2Eliwo,T1428_3,67
14,N2Eliwo,T1428_3,17
15,N2Eliwo,T1428_3,72
16,N2Eliwo,T1428_3,75
17,N2Eliwo,T1428_3,33
19,N2Eliwo,T1428_3,66
20,N2Eliwo,T1428_3,66
21,N2Eliwo,T1428_3,68
23,N2Eliwo,T1428_3,48
24,N2Eliwo,T1428_3,88
25,N2Eliwo,T1428_3,62
26,N2Eliwo,T1428_3,32
27,N2Eliwo,T1428_3,24
28,N2Eliwo,T1428_3,72
29,N2Eliwo,T1428_3,63
30,N2Eliwo,T1428_3,93
31,N2Eliwo,T1428_3,75
32,N2Eliwo,T1428_3,54
33,N2Eliwo,T1428_3,84
34,N2Eliwo,T1428_3,44
35,N2Eliwo,T1428_3,59
36,N2Eliwo,T1428_3,52
37,N2Eliwo,T1428_3,48
38,N2Eliwo,T1428_3,76
02,N2Eliwo,T1856_3,35
03,N2Eliwo,T1856_3,52
04,N2Eliwo,T1856_3,42
08,N2Eliwo,T1856_3,61
09,N2Eliwo,T1856_3,69
10,N2Eliwo,T1856_3,60
11,N2Eliwo,T1856_3,41
13,N2Eliwo,T1856_3,71
14,N2Eliwo,T1856_3,21
15,N2Eliwo,T1856_3,67
16,N2Eliwo,T1856_3,81
17,N2Eliwo,T1856_3,43
19,N2Eliwo,T1856_3,79
20,N2Eliwo,T1856_3,66
21,N2Eliwo,T1856_3,68
23,N2Eliwo,T1856_3,55
24,N2Eliwo,T1856_3,76
25,N2Eliwo,T1856_3,67
26,N2Eliwo,T1856_3,29
27,N2Eliwo,T1856_3,23
28,N2Eliwo,T1856_3,73
29,N2Eliwo,T1856_3,64
30,N2Eliwo,T1856_3,91
31,N2Eliwo,T1856_3,71
32,N2Eliwo,T1856_3,58
33,N2Eliwo,T1856_3,92
34,N2Eliwo,T1856_3,50
35,N2Eliwo,T1856_3,62
36,N2Eliwo,T1856_3,48
37,N2Eliwo,T1856_3,55
38,N2Eliwo,T1856_3,66
02,N2Eliwo,T2413_3,31
03,N2Eliwo,T2413_3,59
04,N2Eliwo,T2413_3,47
08,N2Eliwo,T2413_3,62
09,N2Eliwo,T2413_3,73
10,N2Eliwo,T2413_3,59
11,N2Eliwo,T2413_3,42
13,N2Eliwo,T2413_3,69
14,N2Eliwo,T2413_3,16
15,N2Eliwo,T2413_3,64
16,N2Eliwo,T2413_3,77
17,N2Eliwo,T2413_3,31
19,N2Eliwo,T2413_3,63
20,N2Eliwo,T2413_3,61
21,N2Eliwo,T2413_3,74
23,N2Eliwo,T2413_3,52
24,N2Eliwo,T2413_3,87
25,N2Eliwo,T2413_3,71
26,N2Eliwo,T2413_3,26
27,N2Eliwo,T2413_3,25
28,N2Eliwo,T2413_3,83
29,N2Eliwo,T2413_3,63
30,N2Eliwo,T2413_3,99
31,N2Eliwo,T2413_3,65
32,N2Eliwo,T2413_3,50
33,N2Eliwo,T2413_3,95
34,N2Eliwo,T2413_3,49
35,N2Eliwo,T2413_3,61
36,N2Eliwo,T2413_3,51
37,N2Eliwo,T2413_3,52
38,N2Eliwo,T2413_3,62
02,N2Eliwo,T3137_3,33
03,N2Eliwo,T3137_3,59
04,N2Eliwo,T3137_3,48
08,N2Eliwo,T3137_3,54
09,N2Eliwo,T3137_3,68
10,N2Eliwo,T3137_3,63
11,N2Eliwo,T3137_3,45
13,N2Eliwo,T3137_3,63
14,N2Eliwo,T3137_3,19
15,N2Eliwo,T3137_3,67
16,N2Eliwo,T3137_3,77
17,N2Eliwo,T3137_3,33
19,N2Eliwo,T3137_3,72
20,N2Eliwo,T3137_3,65
21,N2Eliwo,T3137_3,67
23,N2Eliwo,T3137_3,51
24,N2Eliwo,T3137_3,89
25,N2Eliwo,T3137_3,65
26,N2Eliwo,T3137_3,26
27,N2Eliwo,T3137_3,22
28,N2Eliwo,T3137_3,78
29,N2Eliwo,T3137_3,65
30,N2Eliwo,T3137_3,85
31,N2Eliwo,T3137_3,73
32,N2Eliwo,T3137_3,53
33,N2Eliwo,T3137_3,93
34,N2Eliwo,T3137_3,45
35,N2Eliwo,T3137_3,63
36,N2Eliwo,T3137_3,41
37,N2Eliwo,T3137_3,44
38,N2Eliwo,T3137_3,63
02,N2Eliwo,T4079_3,31
03,N2Eliwo,T4079_3,60
04,N2Eliwo,T4079_3,44
08,N2Eliwo,T4079_3,61
09,N2Eliwo,T4079_3,63
10,N2Eliwo,T4079_3,67
11,N2Eliwo,T4079_3,37
13,N2Eliwo,T4079_3,73
14,N2Eliwo,T4079_3,18
15,N2Eliwo,T4079_3,76
16,N2Eliwo,T4079_3,77
17,N2Eliwo,T4079_3,37
19,N2Eliwo,T4079_3,73
20,N2Eliwo,T4079_3,60
21,N2Eliwo,T4079_3,70
23,N2Eliwo,T4079_3,42
24,N2Eliwo,T4079_3,77
25,N2Eliwo,T4079_3,73
26,N2Eliwo,T4079_3,25
27,N2Eliwo,T4079_3,24
28,N2Eliwo,T4079_3,79
29,N2Eliwo,T4079_3,74
30,N2Eliwo,T4079_3,101
31,N2Eliwo,T4079_3,69
32,N2Eliwo,T4079_3,50
33,N2Eliwo,T4079_3,93
34,N2Eliwo,T4079_3,50
35,N2Eliwo,T4079_3,58
36,N2Eliwo,T4079_3,36
37,N2Eliwo,T4079_3,46
38,N2Eliwo,T4079_3,59
02,N2Eliwo,T5302_3,30
03,N2Eliwo,T5302_3,54
04,N2Eliwo,T5302_3,44
08,N2Eliwo,T5302_3,58
09,N2Eliwo,T5302_3,77
10,N2Eliwo,T5302_3,58
11,N2Eliwo,T5302_3,38
13,N2Eliwo,T5302_3,64
14,N2Eliwo,T5302_3,13
15,N2Eliwo,T5302_3,66
16,N2Eliwo,T5302_3,83
17,N2Eliwo,T5302_3,31
19,N2Eliwo,T5302_3,63
20,N2Eliwo,T5302_3,56
21,N2Eliwo,T5302_3,80
23,N2Eliwo,T5302_3,53
24,N2Eliwo,T5302_3,76
25,N2Eliwo,T5302_3,71
26,N2Eliwo,T5302_3,29
27,N2Eliwo,T5302_3,26
28,N2Eliwo,T5302_3,74
29,N2Eliwo,T5302_3,58
30,N2Eliwo,T5302_3,105
31,N2Eliwo,T5302_3,76
32,N2Eliwo,T5302_3,60
33,N2Eliwo,T5302_3,97
34,N2Eliwo,T5302_3,56
35,N2Eliwo,T5302_3,57
36,N2Eliwo,T5302_3,50
37,N2Eliwo,T5302_3,44
38,N2Eliwo,T5302_3,72
02,N2Eliwo,T650_4,29
03,N2Eliwo,T650_4,46
04,N2Eliwo,T650_4,43
08,N2Eliwo,T650_4,58
09,N2Eliwo,T650_4,73
10,N2Eliwo,T650_4,69
11,N2Eliwo,T650_4,41
13,N2Eliwo,T650_4,64
14,N2Eliwo,T650_4,18
15,N2Eliwo,T650_4,64
16,N2Eliwo,T650_4,83
17,N2Eliwo,T650_4,32
19,N2Eliwo,T650_4,57
20,N2Eliwo,T650_4,61
21,N2Eliwo,T650_4,72
23,N2Eliwo,T650_4,48
24,N2Eliwo,T650_4,77
25,N2Eliwo,T650_4,59
26,N2Eliwo,T650_4,25
27,N2Eliwo,T650_4,26
28,N2Eliwo,T650_4,71
29,N2Eliwo,T650_4,63
30,N2Eliwo,T650_4,93
31,N2Eliwo,T650_4,78
32,N2Eliwo,T650_4,52
33,N2Eliwo,T650_4,89
34,N2Eliwo,T650_4,57
35,N2Eliwo,T650_4,60
36,N2Eliwo,T650_4,43
37,N2Eliwo,T650_4,45
38,N2Eliwo,T650_4,60
02,N2Eliwo,T845_4,35
03,N2Eliwo,T845_4,57
04,N2Eliwo,T845_4,48
08,N2Eliwo,T845_4,61
09,N2Eliwo,T845_4,59
10,N2Eliwo,T845_4,61
11,N2Eliwo,T845_4,44
13,N2Eliwo,T845_4,67
14,N2Eliwo,T845_4,16
15,N2Eliwo,T845_4,70
16,N2Eliwo,T845_4,86
17,N2Eliwo,T845_4,34
19,N2Eliwo,T845_4,72
20,N2Eliwo,T845_4,57
21,N2Eliwo,T845_4,71
23,N2Eliwo,T845_4,54
24,N2Eliwo,T845_4,79
25,N2Eliwo,T845_4,75
26,N2Eliwo,T845_4,30
27,N2Eliwo,T845_4,27
28,N2Eliwo,T845_4,78
29,N2Eliwo,T845_4,61
30,N2Eliwo,T845_4,94
31,N2Eliwo,T845_4,56
32,N2Eliwo,T845_4,57
33,N2Eliwo,T845_4,95
34,N2Eliwo,T845_4,54
35,N2Eliwo,T845_4,55
36,N2Eliwo,T845_4,44
37,N2Eliwo,T845_4,45
38,N2Eliwo,T845_4,62
02,N2Eliwo,T1098_4,38
03,N2Eliwo,T1098_4,52
04,N2Eliwo,T1098_4,44
08,N2Eliwo,T1098_4,55
09,N2Eliwo,T1098_4,72
10,N2Eliwo,T1098_4,60
11,N2Eliwo,T1098_4,45
13,N2Eliwo,T1098_4,69
14,N2Eliwo,T1098_4,15
15,N2Eliwo,T1098_4,72
16,N2Eliwo,T1098_4,78
17,N2Eliwo,T1098_4,36
19,N2Eliwo,T1098_4,76
20,N2Eliwo,T1098_4,59
21,N2Eliwo,T1098_4,76
23,N2Eliwo,T1098_4,47
24,N2Eliwo,T1098_4,79
25,N2Eliwo,T1098_4,52
26,N2Eliwo,T1098_4,29
27,N2Eliwo,T1098_4,27
28,N2Eliwo,T1098_4,74
29,N2Eliwo,T1098_4,61
30,N2Eliwo,T1098_4,100
31,N2Eliwo,T1098_4,67
32,N2Eliwo,T1098_4,56
33,N2Eliwo,T1098_4,96
34,N2Eliwo,T1098_4,51
35,N2Eliwo,T1098_4,62
36,N2Eliwo,T1098_4,42
37,N2Eliwo,T1098_4,49
38,N2Eliwo,T1098_4,68
02,N2Eliwo,T1428_4,42
03,N2Eliwo,T1428_4,60
04,N2Eliwo,T1428_4,45
08,N2Eliwo,T1428_4,64
09,N2Eliwo,T1428_4,72
10,N2Eliwo,T1428_4,63
11,N2Eliwo,T1428_4,40
13,N2Eliwo,T1428_4,65
14,N2Eliwo,T1428_4,18
15,N2Eliwo,T1428_4,70
16,N2Eliwo,T1428_4,75
17,N2Eliwo,T1428_4,31
19,N2Eliwo,T1428_4,69
20,N2Eliwo,T1428_4,69
21,N2Eliwo,T1428_4,66
23,N2Eliwo,T1428_4,46
24,N2Eliwo,T1428_4,97
25,N2Eliwo,T1428_4,59
26,N2Eliwo,T1428_4,31
27,N2Eliwo,T1428_4,25
28,N2Eliwo,T1428_4,73
29,N2Eliwo,T1428_4,60
30,N2Eliwo,T1428_4,95
31,N2Eliwo,T1428_4,63
32,N2Eliwo,T1428_4,57
33,N2Eliwo,T1428_4,86
34,N2Eliwo,T1428_4,42
35,N2Eliwo,T1428_4,62
36,N2Eliwo,T1428_4,48
37,N2Eliwo,T1428_4,42
38,N2Eliwo,T1428_4,71
02,N2Eliwo,T1856_4,41
03,N2Eliwo,T1856_4,50
04,N2Eliwo,T1856_4,42
08,N2Eliwo,T1856_4,59
09,N2Eliwo,T1856_4,63
10,N2Eliwo,T1856_4,69
11,N2Eliwo,T1856_4,44
13,N2Eliwo,T1856_4,66
14,N2Eliwo,T1856_4,20
15,N2Eliwo,T1856_4,71
16,N2Eliwo,T1856_4,87
17,N2Eliwo,T1856_4,37
19,N2Eliwo,T1856_4,73
20,N2Eliwo,T1856_4,61
21,N2Eliwo,T1856_4,68
23,N2Eliwo,T1856_4,52
24,N2Eliwo,T1856_4,86
25,N2Eliwo,T1856_4,74
26,N2Eliwo,T1856_4,29
27,N2Eliwo,T1856_4,21
28,N2Eliwo,T1856_4,70
29,N2Eliwo,T1856_4,64
30,N2Eliwo,T1856_4,92
31,N2Eliwo,T1856_4,75
32,N2Eliwo,T1856_4,60
33,N2Eliwo,T1856_4,92
34,N2Eliwo,T1856_4,48
35,N2Eliwo,T1856_4,65
36,N2Eliwo,T1856_4,42
37,N2Eliwo,T1856_4,48
38,N2Eliwo,T1856_4,68
02,N2Eliwo,T2413_4,41
03,N2Eliwo,T2413_4,53
04,N2Eliwo,T2413_4,42
08,N2Eliwo,T2413_4,57
09,N2Eliwo,T2413_4,69
10,N2Eliwo,T2413_4,59
11,N2Eliwo,T2413_4,35
13,N2Eliwo,T2413_4,69
14,N2Eliwo,T2413_4,22
15,N2Eliwo,T2413_4,56
16,N2Eliwo,T2413_4,72
17,N2Eliwo,T2413_4,39
19,N2Eliwo,T2413_4,61
20,N2Eliwo,T2413_4,62
21,N2Eliwo,T2413_4,66
23,N2Eliwo,T2413_4,50
24,N2Eliwo,T2413_4,87
25,N2Eliwo,T2413_4,64
26,N2Eliwo,T2413_4,24
27,N2Eliwo,T2413_4,31
28,N2Eliwo,T2413_4,73
29,N2Eliwo,T2413_4,67
30,N2Eliwo,T2413_4,105
31,N2Eliwo,T2413_4,68
32,N2Eliwo,T2413_4,61
33,N2Eliwo,T2413_4,105
34,N2Eliwo,T2413_4,41
35,N2Eliwo,T2413_4,60
36,N2Eliwo,T2413_4,49
37,N2Eliwo,T2413_4,54
38,N2Eliwo,T2413_4,69
02,N2Eliwo,T3137_4,34
03,N2Eliwo,T3137_4,58
04,N2Eliwo,T3137_4,49
08,N2Eliwo,T3137_4,56
09,N2Eliwo,T3137_4,72
10,N2Eliwo,T3137_4,51
11,N2Eliwo,T3137_4,39
13,N2Eliwo,T3137_4,60
14,N2Eliwo,T3137_4,20
15,N2Eliwo,T3137_4,74
16,N2Eliwo,T3137_4,77
17,N2Eliwo,T3137_4,30
19,N2Eliwo,T3137_4,69
20,N2Eliwo,T3137_4,64
21,N2Eliwo,T3137_4,70
23,N2Eliwo,T3137_4,48
24,N2Eliwo,T3137_4,88
25,N2Eliwo,T3137_4,72
26,N2Eliwo,T3137_4,28
27,N2Eliwo,T3137_4,25
28,N2Eliwo,T3137_4,80
29,N2Eliwo,T3137_4,61
30,N2Eliwo,T3137_4,90
31,N2Eliwo,T3137_4,73
32,N2Eliwo,T3137_4,52
33,N2Eliwo,T3137_4,99
34,N2Eliwo,T3137_4,46
35,N2Eliwo,T3137_4,60
36,N2Eliwo,T3137_4,44
37,N2Eliwo,T3137_4,43
38,N2Eliwo,T3137_4,69
02,N2Eliwo,T4079_4,40
03,N2Eliwo,T4079_4,62
04,N2Eliwo,T4079_4,51
08,N2Eliwo,T4079_4,59
09,N2Eliwo,T4079_4,67
10,N2Eliwo,T4079_4,73
11,N2Eliwo,T4079_4,41
13,N2Eliwo,T4079_4,76
14,N2Eliwo,T4079_4,19
15,N2Eliwo,T4079_4,77
16,N2Eliwo,T4079_4,77
17,N2Eliwo,T4079_4,28
19,N2Eliwo,T4079_4,71
20,N2Eliwo,T4079_4,65
21,N2Eliwo,T4079_4,66
23,N2Eliwo,T4079_4,46
24,N2Eliwo,T4079_4,84
25,N2Eliwo,T4079_4,58
26,N2Eliwo,T4079_4,23
27,N2Eliwo,T4079_4,28
28,N2Eliwo,T4079_4,73
29,N2Eliwo,T4079_4,69
30,N2Eliwo,T4079_4,95
31,N2Eliwo,T4079_4,71
32,N2Eliwo,T4079_4,54
33,N2Eliwo,T4079_4,100
34,N2Eliwo,T4079_4,52
35,N2Eliwo,T4079_4,57
36,N2Eliwo,T4079_4,36
37,N2Eliwo,T4079_4,53
38,N2Eliwo,T4079_4,63
02,N2Eliwo,T5302_4,34
03,N2Eliwo,T5302_4,57
04,N2Eliwo,T5302_4,39
08,N2Eliwo,T5302_4,58
09,N2Eliwo,T5302_4,63
10,N2Eliwo,T5302_4,63
11,N2Eliwo,T5302_4,43
13,N2Eliwo,T5302_4,67
14,N2Eliwo,T5302_4,14
15,N2Eliwo,T5302_4,62
16,N2Eliwo,T5302_4,81
17,N2Eliwo,T5302_4,34
19,N2Eliwo,T5302_4,76
20,N2Eliwo,T5302_4,62
21,N2Eliwo,T5302_4,70
23,N2Eliwo,T5302_4,47
24,N2Eliwo,T5302_4,85
25,N2Eliwo,T5302_4,63
26,N2Eliwo,T5302_4,28
27,N2Eliwo,T5302_4,27
28,N2Eliwo,T5302_4,72
29,N2Eliwo,T5302_4,58
30,N2Eliwo,T5302_4,99
31,N2Eliwo,T5302_4,80
32,N2Eliwo,T5302_4,56
33,N2Eliwo,T5302_4,94
34,N2Eliwo,T5302_4,59
35,N2Eliwo,T5302_4,56
36,N2Eliwo,T5302_4,46
37,N2Eliwo,T5302_4,47
38,N2Eliwo,T5302_4,73
